Workbook
Name 化学均分: '质量分析(总分) '!$D$141:$D$148,'质量分析(总分) '!$D$150:$D$154

Sheet 成绩条打印
A1: 高三上 期末考 | B1: 班级 | C1: 姓名 | D1: 语文 | E1: 数学 | F1: 英语 | G1: 物理 | H1: 化学 | I1: 生物 | J1: 政治 | K1: 历史 | L1: 地理 | M1: 总分
B2: =INDIRECT("'按班级打印'!G"&ROUNDDOWN((ROW()-1)/5,0)+2) -> 1 | C2: =INDIRECT("'按班级打印'!A"&ROUNDDOWN((ROW()-1)/5,0)+2) -> 郑智文 | D2: =INDIRECT("'按班级打印'!M"&ROUNDDOWN((ROW()-1)/5,0)+2) -> 105 | E2: =INDIRECT("'按班级打印'!o"&ROUNDDOWN((ROW()-1)/5,0)+2) -> 70 | F2: =INDIRECT("'按班级打印'!q"&ROUNDDOWN((ROW()-1)/5,0)+2) -> 119 | G2: =IF(INDIRECT("'按班级打印'!s"&ROUNDDOWN((ROW()-1)/5,0)+2)>0,INDIRECT("'按班级打印'!s"&ROUNDDOWN((ROW()-1)/5,0)+2),"") -> 66.5 | H2: =IF(INDIRECT("'按班级打印'!w"&ROUNDDOWN((ROW()-1)/5,0)+2)>0,INDIRECT("'按班级打印'!w"&ROUNDDOWN((ROW()-1)/5,0)+2),"") -> 50.5 | I2: =IF(INDIRECT("'按班级打印'!z"&ROUNDDOWN((ROW()-1)/5,0)+2)>0,INDIRECT("'按班级打印'!z"&ROUNDDOWN((ROW()-1)/5,0)+2),"") -> 64 | J2: =IF(INDIRECT("'按班级打印'!ac"&ROUNDDOWN((ROW()-1)/5,0)+2)>0,INDIRECT("'按班级打印'!ac"&ROUNDDOWN((ROW()-1)/5,0)+2),"") | K2: =IF(INDIRECT("'按班级打印'!u"&ROUNDDOWN((ROW()-1)/5,0)+2)>0,INDIRECT("'按班级打印'!u"&ROUNDDOWN((ROW()-1)/5,0)+2),"") | L2: =IF(INDIRECT("'按班级打印'!af"&ROUNDDOWN((ROW()-1)/5,0)+2)>0,INDIRECT("'按班级打印'!af"&ROUNDDOWN((ROW()-1)/5,0)+2),"") | M2: =INDIRECT("'按班级打印'!H"&ROUNDDOWN((ROW()-1)/5,0)+2) -> 475
C3: 赋分 | D3: =INDIRECT("'按班级打印'!M"&ROUNDDOWN((ROW()-1)/5,0)+2) -> 105 | E3: =INDIRECT("'按班级打印'!o"&ROUNDDOWN((ROW()-1)/5,0)+2) -> 70 | F3: =INDIRECT("'按班级打印'!q"&ROUNDDOWN((ROW()-1)/5,0)+2) -> 119 | G3: =IF(INDIRECT("'按班级打印'!s"&ROUNDDOWN((ROW()-1)/5,0)+2)>0,INDIRECT("'按班级打印'!s"&ROUNDDOWN((ROW()-1)/5,0)+2),"") -> 66.5 | H3: =IF(INDIRECT("'按班级打印'!x"&ROUNDDOWN((ROW()-1)/5,0)+2)>0,INDIRECT("'按班级打印'!x"&ROUNDDOWN((ROW()-1)/5,0)+2),"") -> 76 | I3: =IF(INDIRECT("'按班级打印'!aa"&ROUNDDOWN((ROW()-1)/5,0)+2)>0,INDIRECT("'按班级打印'!aa"&ROUNDDOWN((ROW()-1)/5,0)+2),"") -> 73 | J3: =IF(INDIRECT("'按班级打印'!ad"&ROUNDDOWN((ROW()-1)/5,0)+2)>0,INDIRECT("'按班级打印'!ad"&ROUNDDOWN((ROW()-1)/5,0)+2),"") | K3: =IF(INDIRECT("'按班级打印'!u"&ROUNDDOWN((ROW()-1)/5,0)+2)>0,INDIRECT("'按班级打印'!u"&ROUNDDOWN((ROW()-1)/5,0)+2),"") | L3: =IF(INDIRECT("'按班级打印'!ag"&ROUNDDOWN((ROW()-1)/5,0)+2)>0,INDIRECT("'按班级打印'!ag"&ROUNDDOWN((ROW()-1)/5,0)+2),"") | M3: =INDIRECT("'按班级打印'!I"&ROUNDDOWN((ROW()-1)/5,0)+2) -> 509.5
A4: =INDIRECT("'按班级打印'!E"&ROUNDDOWN((ROW()-1)/5,0)+2) -> 物理类 | C4: 平均分 | D4: ='质量分析(总分) '!$D$55 -> 105.00061 | E4: ='质量分析(总分) '!$D$82 -> 91.524203 | F4: ='质量分析(总分) '!$D$109 -> 108.86397 | G4: =IF(_xlfn.NUMBERVALUE(G2)>0,'质量分析(总分) '!$D$133,"") -> 62.652143 | H4: =IF(_xlfn.NUMBERVALUE(H2)>0,'质量分析(总分) '!$D$157,"") -> 81.868613 | I4: =IF(_xlfn.NUMBERVALUE(I2)>0,'质量分析(总分) '!$D$180,"") -> 83.367647 | J4: =IF(_xlfn.NUMBERVALUE(J2)>0,'质量分析(总分) '!$D$208,"") | K4: =IF(_xlfn.NUMBERVALUE(K2)>0,'质量分析(总分) '!$D$194,"") | L4: =IF(_xlfn.NUMBERVALUE(L2)>0,'质量分析(总分) '!$D$222,"") | M4: =IF(_xlfn.NUMBERVALUE(G2)>0,'质量分析(总分) '!$D$23,'质量分析(总分) '!$D$28) -> 535.86929
A6: 高三上 期末考 | B6: 班级 | C6: 姓名 | D6: 语文 | E6: 数学 | F6: 英语 | G6: 物理 | H6: 化学 | I6: 生物 | J6: 政治 | K6: 历史 | L6: 地理 | M6: 总分
B7: =INDIRECT("'按班级打印'!G"&ROUNDDOWN((ROW()-1)/5,0)+2) -> 1 | C7: =INDIRECT("'按班级打印'!A"&ROUNDDOWN((ROW()-1)/5,0)+2) -> 林慧 | D7: =INDIRECT("'按班级打印'!M"&ROUNDDOWN((ROW()-1)/5,0)+2) -> 89 | E7: =INDIRECT("'按班级打印'!o"&ROUNDDOWN((ROW()-1)/5,0)+2) -> 114 | F7: =INDIRECT("'按班级打印'!q"&ROUNDDOWN((ROW()-1)/5,0)+2) -> 87 | G7: =IF(INDIRECT("'按班级打印'!s"&ROUNDDOWN((ROW()-1)/5,0)+2)>0,INDIRECT("'按班级打印'!s"&ROUNDDOWN((ROW()-1)/5,0)+2),"") -> 60 | H7: =IF(INDIRECT("'按班级打印'!w"&ROUNDDOWN((ROW()-1)/5,0)+2)>0,INDIRECT("'按班级打印'!w"&ROUNDDOWN((ROW()-1)/5,0)+2),"") -> 62 | I7: =IF(INDIRECT("'按班级打印'!z"&ROUNDDOWN((ROW()-1)/5,0)+2)>0,INDIRECT("'按班级打印'!z"&ROUNDDOWN((ROW()-1)/5,0)+2),"") -> 73.5 | J7: =IF(INDIRECT("'按班级打印'!ac"&ROUNDDOWN((ROW()-1)/5,0)+2)>0,INDIRECT("'按班级打印'!ac"&ROUNDDOWN((ROW()-1)/5,0)+2),"") | K7: =IF(INDIRECT("'按班级打印'!u"&ROUNDDOWN((ROW()-1)/5,0)+2)>0,INDIRECT("'按班级打印'!u"&ROUNDDOWN((ROW()-1)/5,0)+2),"") | L7: =IF(INDIRECT("'按班级打印'!af"&ROUNDDOWN((ROW()-1)/5,0)+2)>0,INDIRECT("'按班级打印'!af"&ROUNDDOWN((ROW()-1)/5,0)+2),"") | M7: =INDIRECT("'按班级打印'!H"&ROUNDDOWN((ROW()-1)/5,0)+2) -> 485.5
C8: 赋分 | D8: =INDIRECT("'按班级打印'!M"&ROUNDDOWN((ROW()-1)/5,0)+2) -> 89 | E8: =INDIRECT("'按班级打印'!o"&ROUNDDOWN((ROW()-1)/5,0)+2) -> 114 | F8: =INDIRECT("'按班级打印'!q"&ROUNDDOWN((ROW()-1)/5,0)+2) -> 87 | G8: =IF(INDIRECT("'按班级打印'!s"&ROUNDDOWN((ROW()-1)/5,0)+2)>0,INDIRECT("'按班级打印'!s"&ROUNDDOWN((ROW()-1)/5,0)+2),"") -> 60 | H8: =IF(INDIRECT("'按班级打印'!x"&ROUNDDOWN((ROW()-1)/5,0)+2)>0,INDIRECT("'按班级打印'!x"&ROUNDDOWN((ROW()-1)/5,0)+2),"") -> 85 | I8: =IF(INDIRECT("'按班级打印'!aa"&ROUNDDOWN((ROW()-1)/5,0)+2)>0,INDIRECT("'按班级打印'!aa"&ROUNDDOWN((ROW()-1)/5,0)+2),"") -> 82 | J8: =IF(INDIRECT("'按班级打印'!ad"&ROUNDDOWN((ROW()-1)/5,0)+2)>0,INDIRECT("'按班级打印'!ad"&ROUNDDOWN((ROW()-1)/5,0)+2),"") | K8: =IF(INDIRECT("'按班级打印'!u"&ROUNDDOWN((ROW()-1)/5,0)+2)>0,INDIRECT("'按班级打印'!u"&ROUNDDOWN((ROW()-1)/5,0)+2),"") | L8: =IF(INDIRECT("'按班级打印'!ag"&ROUNDDOWN((ROW()-1)/5,0)+2)>0,INDIRECT("'按班级打印'!ag"&ROUNDDOWN((ROW()-1)/5,0)+2),"") | M8: =INDIRECT("'按班级打印'!I"&ROUNDDOWN((ROW()-1)/5,0)+2) -> 517
A9: =INDIRECT("'按班级打印'!E"&ROUNDDOWN((ROW()-1)/5,0)+2) -> 物理类 | C9: 平均分 | D9: ='质量分析(总分) '!$D$55 -> 105.00061 | E9: ='质量分析(总分) '!$D$82 -> 91.524203 | F9: ='质量分析(总分) '!$D$109 -> 108.86397 | G9: =IF(_xlfn.NUMBERVALUE(G7)>0,'质量分析(总分) '!$D$133,"") -> 62.652143 | H9: =IF(_xlfn.NUMBERVALUE(H7)>0,'质量分析(总分) '!$D$157,"") -> 81.868613 | I9: =IF(_xlfn.NUMBERVALUE(I7)>0,'质量分析(总分) '!$D$180,"") -> 83.367647 | J9: =IF(_xlfn.NUMBERVALUE(J7)>0,'质量分析(总分) '!$D$208,"") | K9: =IF(_xlfn.NUMBERVALUE(K7)>0,'质量分析(总分) '!$D$194,"") | L9: =IF(_xlfn.NUMBERVALUE(L7)>0,'质量分析(总分) '!$D$222,"") | M9: =IF(_xlfn.NUMBERVALUE(G7)>0,'质量分析(总分) '!$D$23,'质量分析(总分) '!$D$28) -> 535.86929
A11: 高三上 期末考 | B11: 班级 | C11: 姓名 | D11: 语文 | E11: 数学 | F11: 英语 | G11: 物理 | H11: 化学 | I11: 生物 | J11: 政治 | K11: 历史 | L11: 地理 | M11: 总分
B12: =INDIRECT("'按班级打印'!G"&ROUNDDOWN((ROW()-1)/5,0)+2) -> 1 | C12: =INDIRECT("'按班级打印'!A"&ROUNDDOWN((ROW()-1)/5,0)+2) -> 钟林斌 | D12: =INDIRECT("'按班级打印'!M"&ROUNDDOWN((ROW()-1)/5,0)+2) -> 100.5 | E12: =INDIRECT("'按班级打印'!o"&ROUNDDOWN((ROW()-1)/5,0)+2) -> 108.5 | F12: =INDIRECT("'按班级打印'!q"&ROUNDDOWN((ROW()-1)/5,0)+2) -> 116.5 | G12: =IF(INDIRECT("'按班级打印'!s"&ROUNDDOWN((ROW()-1)/5,0)+2)>0,INDIRECT("'按班级打印'!s"&ROUNDDOWN((ROW()-1)/5,0)+2),"") -> 61.5 | H12: =IF(INDIRECT("'按班级打印'!w"&ROUNDDOWN((ROW()-1)/5,0)+2)>0,INDIRECT("'按班级打印'!w"&ROUNDDOWN((ROW()-1)/5,0)+2),"") -> 65.5 | I12: =IF(INDIRECT("'按班级打印'!z"&ROUNDDOWN((ROW()-1)/5,0)+2)>0,INDIRECT("'按班级打印'!z"&ROUNDDOWN((ROW()-1)/5,0)+2),"") -> 84.5 | J12: =IF(INDIRECT("'按班级打印'!ac"&ROUNDDOWN((ROW()-1)/5,0)+2)>0,INDIRECT("'按班级打印'!ac"&ROUNDDOWN((ROW()-1)/5,0)+2),"") | K12: =IF(INDIRECT("'按班级打印'!u"&ROUNDDOWN((ROW()-1)/5,0)+2)>0,INDIRECT("'按班级打印'!u"&ROUNDDOWN((ROW()-1)/5,0)+2),"") | L12: =IF(INDIRECT("'按班级打印'!af"&ROUNDDOWN((ROW()-1)/5,0)+2)>0,INDIRECT("'按班级打印'!af"&ROUNDDOWN((ROW()-1)/5,0)+2),"") | M12: =INDIRECT("'按班级打印'!H"&ROUNDDOWN((ROW()-1)/5,0)+2) -> 537
C13: 赋分 | D13: =INDIRECT("'按班级打印'!M"&ROUNDDOWN((ROW()-1)/5,0)+2) -> 100.5 | E13: =INDIRECT("'按班级打印'!o"&ROUNDDOWN((ROW()-1)/5,0)+2) -> 108.5 | F13: =INDIRECT("'按班级打印'!q"&ROUNDDOWN((ROW()-1)/5,0)+2) -> 116.5 | G13: =IF(INDIRECT("'按班级打印'!s"&ROUNDDOWN((ROW()-1)/5,0)+2)>0,INDIRECT("'按班级打印'!s"&ROUNDDOWN((ROW()-1)/5,0)+2),"") -> 61.5 | H13: =IF(INDIRECT("'按班级打印'!x"&ROUNDDOWN((ROW()-1)/5,0)+2)>0,INDIRECT("'按班级打印'!x"&ROUNDDOWN((ROW()-1)/5,0)+2),"") -> 87 | I13: =IF(INDIRECT("'按班级打印'!aa"&ROUNDDOWN((ROW()-1)/5,0)+2)>0,INDIRECT("'按班级打印'!aa"&ROUNDDOWN((ROW()-1)/5,0)+2),"") -> 92 | J13: =IF(INDIRECT("'按班级打印'!ad"&ROUNDDOWN((ROW()-1)/5,0)+2)>0,INDIRECT("'按班级打印'!ad"&ROUNDDOWN((ROW()-1)/5,0)+2),"") | K13: =IF(INDIRECT("'按班级打印'!u"&ROUNDDOWN((ROW()-1)/5,0)+2)>0,INDIRECT("'按班级打印'!u"&ROUNDDOWN((ROW()-1)/5,0)+2),"") | L13: =IF(INDIRECT("'按班级打印'!ag"&ROUNDDOWN((ROW()-1)/5,0)+2)>0,INDIRECT("'按班级打印'!ag"&ROUNDDOWN((ROW()-1)/5,0)+2),"") | M13: =INDIRECT("'按班级打印'!I"&ROUNDDOWN((ROW()-1)/5,0)+2) -> 566
A14: =INDIRECT("'按班级打印'!E"&ROUNDDOWN((ROW()-1)/5,0)+2) -> 物理类 | C14: 平均分 | D14: ='质量分析(总分) '!$D$55 -> 105.00061 | E14: ='质量分析(总分) '!$D$82 -> 91.524203 | F14: ='质量分析(总分) '!$D$109 -> 108.86397 | G14: =IF(_xlfn.NUMBERVALUE(G12)>0,'质量分析(总分) '!$D$133,"") -> 62.652143 | H14: =IF(_xlfn.NUMBERVALUE(H12)>0,'质量分析(总分) '!$D$157,"") -> 81.868613 | I14: =IF(_xlfn.NUMBERVALUE(I12)>0,'质量分析(总分) '!$D$180,"") -> 83.367647 | J14: =IF(_xlfn.NUMBERVALUE(J12)>0,'质量分析(总分) '!$D$208,"") | K14: =IF(_xlfn.NUMBERVALUE(K12)>0,'质量分析(总分) '!$D$194,"") | L14: =IF(_xlfn.NUMBERVALUE(L12)>0,'质量分析(总分) '!$D$222,"") | M14: =IF(_xlfn.NUMBERVALUE(G12)>0,'质量分析(总分) '!$D$23,'质量分析(总分) '!$D$28) -> 535.86929
A16: 高三上 期末考 | B16: 班级 | C16: 姓名 | D16: 语文 | E16: 数学 | F16: 英语 | G16: 物理 | H16: 化学 | I16: 生物 | J16: 政治 | K16: 历史 | L16: 地理 | M16: 总分
B17: =INDIRECT("'按班级打印'!G"&ROUNDDOWN((ROW()-1)/5,0)+2) -> 1 | C17: =INDIRECT("'按班级打印'!A"&ROUNDDOWN((ROW()-1)/5,0)+2) -> 占谨豪 | D17: =INDIRECT("'按班级打印'!M"&ROUNDDOWN((ROW()-1)/5,0)+2) -> 105 | E17: =INDIRECT("'按班级打印'!o"&ROUNDDOWN((ROW()-1)/5,0)+2) -> 78.5 | F17: =INDIRECT("'按班级打印'!q"&ROUNDDOWN((ROW()-1)/5,0)+2) -> 85.5 | G17: =IF(INDIRECT("'按班级打印'!s"&ROUNDDOWN((ROW()-1)/5,0)+2)>0,INDIRECT("'按班级打印'!s"&ROUNDDOWN((ROW()-1)/5,0)+2),"") -> 62 | H17: =IF(INDIRECT("'按班级打印'!w"&ROUNDDOWN((ROW()-1)/5,0)+2)>0,INDIRECT("'按班级打印'!w"&ROUNDDOWN((ROW()-1)/5,0)+2),"") -> 50 | I17: =IF(INDIRECT("'按班级打印'!z"&ROUNDDOWN((ROW()-1)/5,0)+2)>0,INDIRECT("'按班级打印'!z"&ROUNDDOWN((ROW()-1)/5,0)+2),"") -> 69 | J17: =IF(INDIRECT("'按班级打印'!ac"&ROUNDDOWN((ROW()-1)/5,0)+2)>0,INDIRECT("'按班级打印'!ac"&ROUNDDOWN((ROW()-1)/5,0)+2),"") | K17: =IF(INDIRECT("'按班级打印'!u"&ROUNDDOWN((ROW()-1)/5,0)+2)>0,INDIRECT("'按班级打印'!u"&ROUNDDOWN((ROW()-1)/5,0)+2),"") | L17: =IF(INDIRECT("'按班级打印'!af"&ROUNDDOWN((ROW()-1)/5,0)+2)>0,INDIRECT("'按班级打印'!af"&ROUNDDOWN((ROW()-1)/5,0)+2),"") | M17: =INDIRECT("'按班级打印'!H"&ROUNDDOWN((ROW()-1)/5,0)+2) -> 450
C18: 赋分 | D18: =INDIRECT("'按班级打印'!M"&ROUNDDOWN((ROW()-1)/5,0)+2) -> 105 | E18: =INDIRECT("'按班级打印'!o"&ROUNDDOWN((ROW()-1)/5,0)+2) -> 78.5 | F18: =INDIRECT("'按班级打印'!q"&ROUNDDOWN((ROW()-1)/5,0)+2) -> 85.5 | G18: =IF(INDIRECT("'按班级打印'!s"&ROUNDDOWN((ROW()-1)/5,0)+2)>0,INDIRECT("'按班级打印'!s"&ROUNDDOWN((ROW()-1)/5,0)+2),"") -> 62 | H18: =IF(INDIRECT("'按班级打印'!x"&ROUNDDOWN((ROW()-1)/5,0)+2)>0,INDIRECT("'按班级打印'!x"&ROUNDDOWN((ROW()-1)/5,0)+2),"") -> 76 | I18: =IF(INDIRECT("'按班级打印'!aa"&ROUNDDOWN((ROW()-1)/5,0)+2)>0,INDIRECT("'按班级打印'!aa"&ROUNDDOWN((ROW()-1)/5,0)+2),"") -> 78 | J18: =IF(INDIRECT("'按班级打印'!ad"&ROUNDDOWN((ROW()-1)/5,0)+2)>0,INDIRECT("'按班级打印'!ad"&ROUNDDOWN((ROW()-1)/5,0)+2),"") | K18: =IF(INDIRECT("'按班级打印'!u"&ROUNDDOWN((ROW()-1)/5,0)+2)>0,INDIRECT("'按班级打印'!u"&ROUNDDOWN((ROW()-1)/5,0)+2),"") | L18: =IF(INDIRECT("'按班级打印'!ag"&ROUNDDOWN((ROW()-1)/5,0)+2)>0,INDIRECT("'按班级打印'!ag"&ROUNDDOWN((ROW()-1)/5,0)+2),"") | M18: =INDIRECT("'按班级打印'!I"&ROUNDDOWN((ROW()-1)/5,0)+2) -> 485
A19: =INDIRECT("'按班级打印'!E"&ROUNDDOWN((ROW()-1)/5,0)+2) -> 物理类 | C19: 平均分 | D19: ='质量分析(总分) '!$D$55 -> 105.00061 | E19: ='质量分析(总分) '!$D$82 -> 91.524203 | F19: ='质量分析(总分) '!$D$109 -> 108.86397 | G19: =IF(_xlfn.NUMBERVALUE(G17)>0,'质量分析(总分) '!$D$133,"") -> 62.652143 | H19: =IF(_xlfn.NUMBERVALUE(H17)>0,'质量分析(总分) '!$D$157,"") -> 81.868613 | I19: =IF(_xlfn.NUMBERVALUE(I17)>0,'质量分析(总分) '!$D$180,"") -> 83.367647 | J19: =IF(_xlfn.NUMBERVALUE(J17)>0,'质量分析(总分) '!$D$208,"") | K19: =IF(_xlfn.NUMBERVALUE(K17)>0,'质量分析(总分) '!$D$194,"") | L19: =IF(_xlfn.NUMBERVALUE(L17)>0,'质量分析(总分) '!$D$222,"") | M19: =IF(_xlfn.NUMBERVALUE(G17)>0,'质量分析(总分) '!$D$23,'质量分析(总分) '!$D$28) -> 535.86929
A21: 高三上 期末考 | B21: 班级 | C21: 姓名 | D21: 语文 | E21: 数学 | F21: 英语 | G21: 物理 | H21: 化学 | I21: 生物 | J21: 政治 | K21: 历史 | L21: 地理 | M21: 总分
B22: =INDIRECT("'按班级打印'!G"&ROUNDDOWN((ROW()-1)/5,0)+2) -> 1 | C22: =INDIRECT("'按班级打印'!A"&ROUNDDOWN((ROW()-1)/5,0)+2) -> 雷雯颖 | D22: =INDIRECT("'按班级打印'!M"&ROUNDDOWN((ROW()-1)/5,0)+2) -> 102 | E22: =INDIRECT("'按班级打印'!o"&ROUNDDOWN((ROW()-1)/5,0)+2) -> 79.5 | F22: =INDIRECT("'按班级打印'!q"&ROUNDDOWN((ROW()-1)/5,0)+2) -> 111.5 | G22: =IF(INDIRECT("'按班级打印'!s"&ROUNDDOWN((ROW()-1)/5,0)+2)>0,INDIRECT("'按班级打印'!s"&ROUNDDOWN((ROW()-1)/5,0)+2),"") -> 67.5 | H22: =IF(INDIRECT("'按班级打印'!w"&ROUNDDOWN((ROW()-1)/5,0)+2)>0,INDIRECT("'按班级打印'!w"&ROUNDDOWN((ROW()-1)/5,0)+2),"") -> 56 | I22: =IF(INDIRECT("'按班级打印'!z"&ROUNDDOWN((ROW()-1)/5,0)+2)>0,INDIRECT("'按班级打印'!z"&ROUNDDOWN((ROW()-1)/5,0)+2),"") -> 78.5 | J22: =IF(INDIRECT("'按班级打印'!ac"&ROUNDDOWN((ROW()-1)/5,0)+2)>0,INDIRECT("'按班级打印'!ac"&ROUNDDOWN((ROW()-1)/5,0)+2),"") | K22: =IF(INDIRECT("'按班级打印'!u"&ROUNDDOWN((ROW()-1)/5,0)+2)>0,INDIRECT("'按班级打印'!u"&ROUNDDOWN((ROW()-1)/5,0)+2),"") | L22: =IF(INDIRECT("'按班级打印'!af"&ROUNDDOWN((ROW()-1)/5,0)+2)>0,INDIRECT("'按班级打印'!af"&ROUNDDOWN((ROW()-1)/5,0)+2),"") | M22: =INDIRECT("'按班级打印'!H"&ROUNDDOWN((ROW()-1)/5,0)+2) -> 495
C23: 赋分 | D23: =INDIRECT("'按班级打印'!M"&ROUNDDOWN((ROW()-1)/5,0)+2) -> 102 | E23: =INDIRECT("'按班级打印'!o"&ROUNDDOWN((ROW()-1)/5,0)+2) -> 79.5 | F23: =INDIRECT("'按班级打印'!q"&ROUNDDOWN((ROW()-1)/5,0)+2) -> 111.5 | G23: =IF(INDIRECT("'按班级打印'!s"&ROUNDDOWN((ROW()-1)/5,0)+2)>0,INDIRECT("'按班级打印'!s"&ROUNDDOWN((ROW()-1)/5,0)+2),"") -> 67.5 | H23: =IF(INDIRECT("'按班级打印'!x"&ROUNDDOWN((ROW()-1)/5,0)+2)>0,INDIRECT("'按班级打印'!x"&ROUNDDOWN((ROW()-1)/5,0)+2),"") -> 80 | I23: =IF(INDIRECT("'按班级打印'!aa"&ROUNDDOWN((ROW()-1)/5,0)+2)>0,INDIRECT("'按班级打印'!aa"&ROUNDDOWN((ROW()-1)/5,0)+2),"") -> 87 | J23: =IF(INDIRECT("'按班级打印'!ad"&ROUNDDOWN((ROW()-1)/5,0)+2)>0,INDIRECT("'按班级打印'!ad"&ROUNDDOWN((ROW()-1)/5,0)+2),"") | K23: =IF(INDIRECT("'按班级打印'!u"&ROUNDDOWN((ROW()-1)/5,0)+2)>0,INDIRECT("'按班级打印'!u"&ROUNDDOWN((ROW()-1)/5,0)+2),"") | L23: =IF(INDIRECT("'按班级打印'!ag"&ROUNDDOWN((ROW()-1)/5,0)+2)>0,INDIRECT("'按班级打印'!ag"&ROUNDDOWN((ROW()-1)/5,0)+2),"") | M23: =INDIRECT("'按班级打印'!I"&ROUNDDOWN((ROW()-1)/5,0)+2) -> 527.5
A24: =INDIRECT("'按班级打印'!E"&ROUNDDOWN((ROW()-1)/5,0)+2) -> 物理类 | C24: 平均分 | D24: ='质量分析(总分) '!$D$55 -> 105.00061 | E24: ='质量分析(总分) '!$D$82 -> 91.524203 | F24: ='质量分析(总分) '!$D$109 -> 108.86397 | G24: =IF(_xlfn.NUMBERVALUE(G22)>0,'质量分析(总分) '!$D$133,"") -> 62.652143 | H24: =IF(_xlfn.NUMBERVALUE(H22)>0,'质量分析(总分) '!$D$157,"") -> 81.868613 | I24: =IF(_xlfn.NUMBERVALUE(I22)>0,'质量分析(总分) '!$D$180,"") -> 83.367647 | J24: =IF(_xlfn.NUMBERVALUE(J22)>0,'质量分析(总分) '!$D$208,"") | K24: =IF(_xlfn.NUMBERVALUE(K22)>0,'质量分析(总分) '!$D$194,"") | L24: =IF(_xlfn.NUMBERVALUE(L22)>0,'质量分析(总分) '!$D$222,"") | M24: =IF(_xlfn.NUMBERVALUE(G22)>0,'质量分析(总分) '!$D$23,'质量分析(总分) '!$D$28) -> 535.86929
A26: 高三上 期末考 | B26: 班级 | C26: 姓名 | D26: 语文 | E26: 数学 | F26: 英语 | G26: 物理 | H26: 化学 | I26: 生物 | J26: 政治 | K26: 历史 | L26: 地理 | M26: 总分
B27: =INDIRECT("'按班级打印'!G"&ROUNDDOWN((ROW()-1)/5,0)+2) -> 1 | C27: =INDIRECT("'按班级打印'!A"&ROUNDDOWN((ROW()-1)/5,0)+2) -> 陈静怡 | D27: =INDIRECT("'按班级打印'!M"&ROUNDDOWN((ROW()-1)/5,0)+2) -> 101.5 | E27: =INDIRECT("'按班级打印'!o"&ROUNDDOWN((ROW()-1)/5,0)+2) -> 96.5 | F27: =INDIRECT("'按班级打印'!q"&ROUNDDOWN((ROW()-1)/5,0)+2) -> 113 | G27: =IF(INDIRECT("'按班级打印'!s"&ROUNDDOWN((ROW()-1)/5,0)+2)>0,INDIRECT("'按班级打印'!s"&ROUNDDOWN((ROW()-1)/5,0)+2),"") -> 77 | H27: =IF(INDIRECT("'按班级打印'!w"&ROUNDDOWN((ROW()-1)/5,0)+2)>0,INDIRECT("'按班级打印'!w"&ROUNDDOWN((ROW()-1)/5,0)+2),"") -> 65 | I27: =IF(INDIRECT("'按班级打印'!z"&ROUNDDOWN((ROW()-1)/5,0)+2)>0,INDIRECT("'按班级打印'!z"&ROUNDDOWN((ROW()-1)/5,0)+2),"") -> 78 | J27: =IF(INDIRECT("'按班级打印'!ac"&ROUNDDOWN((ROW()-1)/5,0)+2)>0,INDIRECT("'按班级打印'!ac"&ROUNDDOWN((ROW()-1)/5,0)+2),"") | K27: =IF(INDIRECT("'按班级打印'!u"&ROUNDDOWN((ROW()-1)/5,0)+2)>0,INDIRECT("'按班级打印'!u"&ROUNDDOWN((ROW()-1)/5,0)+2),"") | L27: =IF(INDIRECT("'按班级打印'!af"&ROUNDDOWN((ROW()-1)/5,0)+2)>0,INDIRECT("'按班级打印'!af"&ROUNDDOWN((ROW()-1)/5,0)+2),"") | M27: =INDIRECT("'按班级打印'!H"&ROUNDDOWN((ROW()-1)/5,0)+2) -> 531
C28: 赋分 | D28: =INDIRECT("'按班级打印'!M"&ROUNDDOWN((ROW()-1)/5,0)+2) -> 101.5 | E28: =INDIRECT("'按班级打印'!o"&ROUNDDOWN((ROW()-1)/5,0)+2) -> 96.5 | F28: =INDIRECT("'按班级打印'!q"&ROUNDDOWN((ROW()-1)/5,0)+2) -> 113 | G28: =IF(INDIRECT("'按班级打印'!s"&ROUNDDOWN((ROW()-1)/5,0)+2)>0,INDIRECT("'按班级打印'!s"&ROUNDDOWN((ROW()-1)/5,0)+2),"") -> 77 | H28: =IF(INDIRECT("'按班级打印'!x"&ROUNDDOWN((ROW()-1)/5,0)+2)>0,INDIRECT("'按班级打印'!x"&ROUNDDOWN((ROW()-1)/5,0)+2),"") -> 87 | I28: =IF(INDIRECT("'按班级打印'!aa"&ROUNDDOWN((ROW()-1)/5,0)+2)>0,INDIRECT("'按班级打印'!aa"&ROUNDDOWN((ROW()-1)/5,0)+2),"") -> 87 | J28: =IF(INDIRECT("'按班级打印'!ad"&ROUNDDOWN((ROW()-1)/5,0)+2)>0,INDIRECT("'按班级打印'!ad"&ROUNDDOWN((ROW()-1)/5,0)+2),"") | K28: =IF(INDIRECT("'按班级打印'!u"&ROUNDDOWN((ROW()-1)/5,0)+2)>0,INDIRECT("'按班级打印'!u"&ROUNDDOWN((ROW()-1)/5,0)+2),"") | L28: =IF(INDIRECT("'按班级打印'!ag"&ROUNDDOWN((ROW()-1)/5,0)+2)>0,INDIRECT("'按班级打印'!ag"&ROUNDDOWN((ROW()-1)/5,0)+2),"") | M28: =INDIRECT("'按班级打印'!I"&ROUNDDOWN((ROW()-1)/5,0)+2) -> 562
A29: =INDIRECT("'按班级打印'!E"&ROUNDDOWN((ROW()-1)/5,0)+2) -> 物理类 | C29: 平均分 | D29: ='质量分析(总分) '!$D$55 -> 105.00061 | E29: ='质量分析(总分) '!$D$82 -> 91.524203 | F29: ='质量分析(总分) '!$D$109 -> 108.86397 | G29: =IF(_xlfn.NUMBERVALUE(G27)>0,'质量分析(总分) '!$D$133,"") -> 62.652143 | H29: =IF(_xlfn.NUMBERVALUE(H27)>0,'质量分析(总分) '!$D$157,"") -> 81.868613 | I29: =IF(_xlfn.NUMBERVALUE(I27)>0,'质量分析(总分) '!$D$180,"") -> 83.367647 | J29: =IF(_xlfn.NUMBERVALUE(J27)>0,'质量分析(总分) '!$D$208,"") | K29: =IF(_xlfn.NUMBERVALUE(K27)>0,'质量分析(总分) '!$D$194,"") | L29: =IF(_xlfn.NUMBERVALUE(L27)>0,'质量分析(总分) '!$D$222,"") | M29: =IF(_xlfn.NUMBERVALUE(G27)>0,'质量分析(总分) '!$D$23,'质量分析(总分) '!$D$28) -> 535.86929
A31: 高三上 期末考 | B31: 班级 | C31: 姓名 | D31: 语文 | E31: 数学 | F31: 英语 | G31: 物理 | H31: 化学 | I31: 生物 | J31: 政治 | K31: 历史 | L31: 地理 | M31: 总分
B32: =INDIRECT("'按班级打印'!G"&ROUNDDOWN((ROW()-1)/5,0)+2) -> 1 | C32: =INDIRECT("'按班级打印'!A"&ROUNDDOWN((ROW()-1)/5,0)+2) -> 吴冠轩 | D32: =INDIRECT("'按班级打印'!M"&ROUNDDOWN((ROW()-1)/5,0)+2) -> 106 | E32: =INDIRECT("'按班级打印'!o"&ROUNDDOWN((ROW()-1)/5,0)+2) -> 107 | F32: =INDIRECT("'按班级打印'!q"&ROUNDDOWN((ROW()-1)/5,0)+2) -> 107.5 | G32: =IF(INDIRECT("'按班级打印'!s"&ROUNDDOWN((ROW()-1)/5,0)+2)>0,INDIRECT("'按班级打印'!s"&ROUNDDOWN((ROW()-1)/5,0)+2),"") -> 78 | H32: =IF(INDIRECT("'按班级打印'!w"&ROUNDDOWN((ROW()-1)/5,0)+2)>0,INDIRECT("'按班级打印'!w"&ROUNDDOWN((ROW()-1)/5,0)+2),"") -> 69.5 | I32: =IF(INDIRECT("'按班级打印'!z"&ROUNDDOWN((ROW()-1)/5,0)+2)>0,INDIRECT("'按班级打印'!z"&ROUNDDOWN((ROW()-1)/5,0)+2),"") -> 78.5 | J32: =IF(INDIRECT("'按班级打印'!ac"&ROUNDDOWN((ROW()-1)/5,0)+2)>0,INDIRECT("'按班级打印'!ac"&ROUNDDOWN((ROW()-1)/5,0)+2),"") | K32: =IF(INDIRECT("'按班级打印'!u"&ROUNDDOWN((ROW()-1)/5,0)+2)>0,INDIRECT("'按班级打印'!u"&ROUNDDOWN((ROW()-1)/5,0)+2),"") | L32: =IF(INDIRECT("'按班级打印'!af"&ROUNDDOWN((ROW()-1)/5,0)+2)>0,INDIRECT("'按班级打印'!af"&ROUNDDOWN((ROW()-1)/5,0)+2),"") | M32: =INDIRECT("'按班级打印'!H"&ROUNDDOWN((ROW()-1)/5,0)+2) -> 546.5
C33: 赋分 | D33: =INDIRECT("'按班级打印'!M"&ROUNDDOWN((ROW()-1)/5,0)+2) -> 106 | E33: =INDIRECT("'按班级打印'!o"&ROUNDDOWN((ROW()-1)/5,0)+2) -> 107 | F33: =INDIRECT("'按班级打印'!q"&ROUNDDOWN((ROW()-1)/5,0)+2) -> 107.5 | G33: =IF(INDIRECT("'按班级打印'!s"&ROUNDDOWN((ROW()-1)/5,0)+2)>0,INDIRECT("'按班级打印'!s"&ROUNDDOWN((ROW()-1)/5,0)+2),"") -> 78 | H33: =IF(INDIRECT("'按班级打印'!x"&ROUNDDOWN((ROW()-1)/5,0)+2)>0,INDIRECT("'按班级打印'!x"&ROUNDDOWN((ROW()-1)/5,0)+2),"") -> 89 | I33: =IF(INDIRECT("'按班级打印'!aa"&ROUNDDOWN((ROW()-1)/5,0)+2)>0,INDIRECT("'按班级打印'!aa"&ROUNDDOWN((ROW()-1)/5,0)+2),"") -> 87 | J33: =IF(INDIRECT("'按班级打印'!ad"&ROUNDDOWN((ROW()-1)/5,0)+2)>0,INDIRECT("'按班级打印'!ad"&ROUNDDOWN((ROW()-1)/5,0)+2),"") | K33: =IF(INDIRECT("'按班级打印'!u"&ROUNDDOWN((ROW()-1)/5,0)+2)>0,INDIRECT("'按班级打印'!u"&ROUNDDOWN((ROW()-1)/5,0)+2),"") | L33: =IF(INDIRECT("'按班级打印'!ag"&ROUNDDOWN((ROW()-1)/5,0)+2)>0,INDIRECT("'按班级打印'!ag"&ROUNDDOWN((ROW()-1)/5,0)+2),"") | M33: =INDIRECT("'按班级打印'!I"&ROUNDDOWN((ROW()-1)/5,0)+2) -> 574.5
A34: =INDIRECT("'按班级打印'!E"&ROUNDDOWN((ROW()-1)/5,0)+2) -> 物理类 | C34: 平均分 | D34: ='质量分析(总分) '!$D$55 -> 105.00061 | E34: ='质量分析(总分) '!$D$82 -> 91.524203 | F34: ='质量分析(总分) '!$D$109 -> 108.86397 | G34: =IF(_xlfn.NUMBERVALUE(G32)>0,'质量分析(总分) '!$D$133,"") -> 62.652143 | H34: =IF(_xlfn.NUMBERVALUE(H32)>0,'质量分析(总分) '!$D$157,"") -> 81.868613 | I34: =IF(_xlfn.NUMBERVALUE(I32)>0,'质量分析(总分) '!$D$180,"") -> 83.367647 | J34: =IF(_xlfn.NUMBERVALUE(J32)>0,'质量分析(总分) '!$D$208,"") | K34: =IF(_xlfn.NUMBERVALUE(K32)>0,'质量分析(总分) '!$D$194,"") | L34: =IF(_xlfn.NUMBERVALUE(L32)>0,'质量分析(总分) '!$D$222,"") | M34: =IF(_xlfn.NUMBERVALUE(G32)>0,'质量分析(总分) '!$D$23,'质量分析(总分) '!$D$28) -> 535.86929
A36: 高三上 期末考 | B36: 班级 | C36: 姓名 | D36: 语文 | E36: 数学 | F36: 英语 | G36: 物理 | H36: 化学 | I36: 生物 | J36: 政治 | K36: 历史 | L36: 地理 | M36: 总分
B37: =INDIRECT("'按班级打印'!G"&ROUNDDOWN((ROW()-1)/5,0)+2) -> 1 | C37: =INDIRECT("'按班级打印'!A"&ROUNDDOWN((ROW()-1)/5,0)+2) -> 刘畅 | D37: =INDIRECT("'按班级打印'!M"&ROUNDDOWN((ROW()-1)/5,0)+2) -> 107 | E37: =INDIRECT("'按班级打印'!o"&ROUNDDOWN((ROW()-1)/5,0)+2) -> 112.5 | F37: =INDIRECT("'按班级打印'!q"&ROUNDDOWN((ROW()-1)/5,0)+2) -> 123 | G37: =IF(INDIRECT("'按班级打印'!s"&ROUNDDOWN((ROW()-1)/5,0)+2)>0,INDIRECT("'按班级打印'!s"&ROUNDDOWN((ROW()-1)/5,0)+2),"") -> 70.5 | H37: =IF(INDIRECT("'按班级打印'!w"&ROUNDDOWN((ROW()-1)/5,0)+2)>0,INDIRECT("'按班级打印'!w"&ROUNDDOWN((ROW()-1)/5,0)+2),"") -> 80 | I37: =IF(INDIRECT("'按班级打印'!z"&ROUNDDOWN((ROW()-1)/5,0)+2)>0,INDIRECT("'按班级打印'!z"&ROUNDDOWN((ROW()-1)/5,0)+2),"") -> 82.5 | J37: =IF(INDIRECT("'按班级打印'!ac"&ROUNDDOWN((ROW()-1)/5,0)+2)>0,INDIRECT("'按班级打印'!ac"&ROUNDDOWN((ROW()-1)/5,0)+2),"") | K37: =IF(INDIRECT("'按班级打印'!u"&ROUNDDOWN((ROW()-1)/5,0)+2)>0,INDIRECT("'按班级打印'!u"&ROUNDDOWN((ROW()-1)/5,0)+2),"") | L37: =IF(INDIRECT("'按班级打印'!af"&ROUNDDOWN((ROW()-1)/5,0)+2)>0,INDIRECT("'按班级打印'!af"&ROUNDDOWN((ROW()-1)/5,0)+2),"") | M37: =INDIRECT("'按班级打印'!H"&ROUNDDOWN((ROW()-1)/5,0)+2) -> 575.5
C38: 赋分 | D38: =INDIRECT("'按班级打印'!M"&ROUNDDOWN((ROW()-1)/5,0)+2) -> 107 | E38: =INDIRECT("'按班级打印'!o"&ROUNDDOWN((ROW()-1)/5,0)+2) -> 112.5 | F38: =INDIRECT("'按班级打印'!q"&ROUNDDOWN((ROW()-1)/5,0)+2) -> 123 | G38: =IF(INDIRECT("'按班级打印'!s"&ROUNDDOWN((ROW()-1)/5,0)+2)>0,INDIRECT("'按班级打印'!s"&ROUNDDOWN((ROW()-1)/5,0)+2),"") -> 70.5 | H38: =IF(INDIRECT("'按班级打印'!x"&ROUNDDOWN((ROW()-1)/5,0)+2)>0,INDIRECT("'按班级打印'!x"&ROUNDDOWN((ROW()-1)/5,0)+2),"") -> 93 | I38: =IF(INDIRECT("'按班级打印'!aa"&ROUNDDOWN((ROW()-1)/5,0)+2)>0,INDIRECT("'按班级打印'!aa"&ROUNDDOWN((ROW()-1)/5,0)+2),"") -> 90 | J38: =IF(INDIRECT("'按班级打印'!ad"&ROUNDDOWN((ROW()-1)/5,0)+2)>0,INDIRECT("'按班级打印'!ad"&ROUNDDOWN((ROW()-1)/5,0)+2),"") | K38: =IF(INDIRECT("'按班级打印'!u"&ROUNDDOWN((ROW()-1)/5,0)+2)>0,INDIRECT("'按班级打印'!u"&ROUNDDOWN((ROW()-1)/5,0)+2),"") | L38: =IF(INDIRECT("'按班级打印'!ag"&ROUNDDOWN((ROW()-1)/5,0)+2)>0,INDIRECT("'按班级打印'!ag"&ROUNDDOWN((ROW()-1)/5,0)+2),"") | M38: =INDIRECT("'按班级打印'!I"&ROUNDDOWN((ROW()-1)/5,0)+2) -> 596
A39: =INDIRECT("'按班级打印'!E"&ROUNDDOWN((ROW()-1)/5,0)+2) -> 物理类 | C39: 平均分 | D39: ='质量分析(总分) '!$D$55 -> 105.00061 | E39: ='质量分析(总分) '!$D$82 -> 91.524203 | F39: ='质量分析(总分) '!$D$109 -> 108.86397 | G39: =IF(_xlfn.NUMBERVALUE(G37)>0,'质量分析(总分) '!$D$133,"") -> 62.652143 | H39: =IF(_xlfn.NUMBERVALUE(H37)>0,'质量分析(总分) '!$D$157,"") -> 81.868613 | I39: =IF(_xlfn.NUMBERVALUE(I37)>0,'质量分析(总分) '!$D$180,"") -> 83.367647 | J39: =IF(_xlfn.NUMBERVALUE(J37)>0,'质量分析(总分) '!$D$208,"") | K39: =IF(_xlfn.NUMBERVALUE(K37)>0,'质量分析(总分) '!$D$194,"") | L39: =IF(_xlfn.NUMBERVALUE(L37)>0,'质量分析(总分) '!$D$222,"") | M39: =IF(_xlfn.NUMBERVALUE(G37)>0,'质量分析(总分) '!$D$23,'质量分析(总分) '!$D$28) -> 535.86929
A41: 高三上 期末考 | B41: 班级 | C41: 姓名 | D41: 语文 | E41: 数学 | F41: 英语 | G41: 物理 | H41: 化学 | I41: 生物 | J41: 政治 | K41: 历史 | L41: 地理 | M41: 总分
B42: =INDIRECT("'按班级打印'!G"&ROUNDDOWN((ROW()-1)/5,0)+2) -> 1 | C42: =INDIRECT("'按班级打印'!A"&ROUNDDOWN((ROW()-1)/5,0)+2) -> 吴宇豪 | D42: =INDIRECT("'按班级打印'!M"&ROUNDDOWN((ROW()-1)/5,0)+2) -> 111 | E42: =INDIRECT("'按班级打印'!o"&ROUNDDOWN((ROW()-1)/5,0)+2) -> 104 | F42: =INDIRECT("'按班级打印'!q"&ROUNDDOWN((ROW()-1)/5,0)+2) -> 104 | G42: =IF(INDIRECT("'按班级打印'!s"&ROUNDDOWN((ROW()-1)/5,0)+2)>0,INDIRECT("'按班级打印'!s"&ROUNDDOWN((ROW()-1)/5,0)+2),"") -> 63.5 | H42: =IF(INDIRECT("'按班级打印'!w"&ROUNDDOWN((ROW()-1)/5,0)+2)>0,INDIRECT("'按班级打印'!w"&ROUNDDOWN((ROW()-1)/5,0)+2),"") -> 65 | I42: =IF(INDIRECT("'按班级打印'!z"&ROUNDDOWN((ROW()-1)/5,0)+2)>0,INDIRECT("'按班级打印'!z"&ROUNDDOWN((ROW()-1)/5,0)+2),"") -> 75.5 | J42: =IF(INDIRECT("'按班级打印'!ac"&ROUNDDOWN((ROW()-1)/5,0)+2)>0,INDIRECT("'按班级打印'!ac"&ROUNDDOWN((ROW()-1)/5,0)+2),"") | K42: =IF(INDIRECT("'按班级打印'!u"&ROUNDDOWN((ROW()-1)/5,0)+2)>0,INDIRECT("'按班级打印'!u"&ROUNDDOWN((ROW()-1)/5,0)+2),"") | L42: =IF(INDIRECT("'按班级打印'!af"&ROUNDDOWN((ROW()-1)/5,0)+2)>0,INDIRECT("'按班级打印'!af"&ROUNDDOWN((ROW()-1)/5,0)+2),"") | M42: =INDIRECT("'按班级打印'!H"&ROUNDDOWN((ROW()-1)/5,0)+2) -> 523
C43: 赋分 | D43: =INDIRECT("'按班级打印'!M"&ROUNDDOWN((ROW()-1)/5,0)+2) -> 111 | E43: =INDIRECT("'按班级打印'!o"&ROUNDDOWN((ROW()-1)/5,0)+2) -> 104 | F43: =INDIRECT("'按班级打印'!q"&ROUNDDOWN((ROW()-1)/5,0)+2) -> 104 | G43: =IF(INDIRECT("'按班级打印'!s"&ROUNDDOWN((ROW()-1)/5,0)+2)>0,INDIRECT("'按班级打印'!s"&ROUNDDOWN((ROW()-1)/5,0)+2),"") -> 63.5 | H43: =IF(INDIRECT("'按班级打印'!x"&ROUNDDOWN((ROW()-1)/5,0)+2)>0,INDIRECT("'按班级打印'!x"&ROUNDDOWN((ROW()-1)/5,0)+2),"") -> 87 | I43: =IF(INDIRECT("'按班级打印'!aa"&ROUNDDOWN((ROW()-1)/5,0)+2)>0,INDIRECT("'按班级打印'!aa"&ROUNDDOWN((ROW()-1)/5,0)+2),"") -> 84 | J43: =IF(INDIRECT("'按班级打印'!ad"&ROUNDDOWN((ROW()-1)/5,0)+2)>0,INDIRECT("'按班级打印'!ad"&ROUNDDOWN((ROW()-1)/5,0)+2),"") | K43: =IF(INDIRECT("'按班级打印'!u"&ROUNDDOWN((ROW()-1)/5,0)+2)>0,INDIRECT("'按班级打印'!u"&ROUNDDOWN((ROW()-1)/5,0)+2),"") | L43: =IF(INDIRECT("'按班级打印'!ag"&ROUNDDOWN((ROW()-1)/5,0)+2)>0,INDIRECT("'按班级打印'!ag"&ROUNDDOWN((ROW()-1)/5,0)+2),"") | M43: =INDIRECT("'按班级打印'!I"&ROUNDDOWN((ROW()-1)/5,0)+2) -> 553.5
A44: =INDIRECT("'按班级打印'!E"&ROUNDDOWN((ROW()-1)/5,0)+2) -> 物理类 | C44: 平均分 | D44: ='质量分析(总分) '!$D$55 -> 105.00061 | E44: ='质量分析(总分) '!$D$82 -> 91.524203 | F44: ='质量分析(总分) '!$D$109 -> 108.86397 | G44: =IF(_xlfn.NUMBERVALUE(G42)>0,'质量分析(总分) '!$D$133,"") -> 62.652143 | H44: =IF(_xlfn.NUMBERVALUE(H42)>0,'质量分析(总分) '!$D$157,"") -> 81.868613 | I44: =IF(_xlfn.NUMBERVALUE(I42)>0,'质量分析(总分) '!$D$180,"") -> 83.367647 | J44: =IF(_xlfn.NUMBERVALUE(J42)>0,'质量分析(总分) '!$D$208,"") | K44: =IF(_xlfn.NUMBERVALUE(K42)>0,'质量分析(总分) '!$D$194,"") | L44: =IF(_xlfn.NUMBERVALUE(L42)>0,'质量分析(总分) '!$D$222,"") | M44: =IF(_xlfn.NUMBERVALUE(G42)>0,'质量分析(总分) '!$D$23,'质量分析(总分) '!$D$28) -> 535.86929
A46: 高三上 期末考 | B46: 班级 | C46: 姓名 | D46: 语文 | E46: 数学 | F46: 英语 | G46: 物理 | H46: 化学 | I46: 生物 | J46: 政治 | K46: 历史 | L46: 地理 | M46: 总分
B47: =INDIRECT("'按班级打印'!G"&ROUNDDOWN((ROW()-1)/5,0)+2) -> 1 | C47: =INDIRECT("'按班级打印'!A"&ROUNDDOWN((ROW()-1)/5,0)+2) -> 林津如 | D47: =INDIRECT("'按班级打印'!M"&ROUNDDOWN((ROW()-1)/5,0)+2) -> 114.5 | E47: =INDIRECT("'按班级打印'!o"&ROUNDDOWN((ROW()-1)/5,0)+2) -> 89.5 | F47: =INDIRECT("'按班级打印'!q"&ROUNDDOWN((ROW()-1)/5,0)+2) -> 111 | G47: =IF(INDIRECT("'按班级打印'!s"&ROUNDDOWN((ROW()-1)/5,0)+2)>0,INDIRECT("'按班级打印'!s"&ROUNDDOWN((ROW()-1)/5,0)+2),"") -> 60 | H47: =IF(INDIRECT("'按班级打印'!w"&ROUNDDOWN((ROW()-1)/5,0)+2)>0,INDIRECT("'按班级打印'!w"&ROUNDDOWN((ROW()-1)/5,0)+2),"") -> 76 | I47: =IF(INDIRECT("'按班级打印'!z"&ROUNDDOWN((ROW()-1)/5,0)+2)>0,INDIRECT("'按班级打印'!z"&ROUNDDOWN((ROW()-1)/5,0)+2),"") -> 77.5 | J47: =IF(INDIRECT("'按班级打印'!ac"&ROUNDDOWN((ROW()-1)/5,0)+2)>0,INDIRECT("'按班级打印'!ac"&ROUNDDOWN((ROW()-1)/5,0)+2),"") | K47: =IF(INDIRECT("'按班级打印'!u"&ROUNDDOWN((ROW()-1)/5,0)+2)>0,INDIRECT("'按班级打印'!u"&ROUNDDOWN((ROW()-1)/5,0)+2),"") | L47: =IF(INDIRECT("'按班级打印'!af"&ROUNDDOWN((ROW()-1)/5,0)+2)>0,INDIRECT("'按班级打印'!af"&ROUNDDOWN((ROW()-1)/5,0)+2),"") | M47: =INDIRECT("'按班级打印'!H"&ROUNDDOWN((ROW()-1)/5,0)+2) -> 528.5
C48: 赋分 | D48: =INDIRECT("'按班级打印'!M"&ROUNDDOWN((ROW()-1)/5,0)+2) -> 114.5 | E48: =INDIRECT("'按班级打印'!o"&ROUNDDOWN((ROW()-1)/5,0)+2) -> 89.5 | F48: =INDIRECT("'按班级打印'!q"&ROUNDDOWN((ROW()-1)/5,0)+2) -> 111 | G48: =IF(INDIRECT("'按班级打印'!s"&ROUNDDOWN((ROW()-1)/5,0)+2)>0,INDIRECT("'按班级打印'!s"&ROUNDDOWN((ROW()-1)/5,0)+2),"") -> 60 | H48: =IF(INDIRECT("'按班级打印'!x"&ROUNDDOWN((ROW()-1)/5,0)+2)>0,INDIRECT("'按班级打印'!x"&ROUNDDOWN((ROW()-1)/5,0)+2),"") -> 91 | I48: =IF(INDIRECT("'按班级打印'!aa"&ROUNDDOWN((ROW()-1)/5,0)+2)>0,INDIRECT("'按班级打印'!aa"&ROUNDDOWN((ROW()-1)/5,0)+2),"") -> 87 | J48: =IF(INDIRECT("'按班级打印'!ad"&ROUNDDOWN((ROW()-1)/5,0)+2)>0,INDIRECT("'按班级打印'!ad"&ROUNDDOWN((ROW()-1)/5,0)+2),"") | K48: =IF(INDIRECT("'按班级打印'!u"&ROUNDDOWN((ROW()-1)/5,0)+2)>0,INDIRECT("'按班级打印'!u"&ROUNDDOWN((ROW()-1)/5,0)+2),"") | L48: =IF(INDIRECT("'按班级打印'!ag"&ROUNDDOWN((ROW()-1)/5,0)+2)>0,INDIRECT("'按班级打印'!ag"&ROUNDDOWN((ROW()-1)/5,0)+2),"") | M48: =INDIRECT("'按班级打印'!I"&ROUNDDOWN((ROW()-1)/5,0)+2) -> 553
A49: =INDIRECT("'按班级打印'!E"&ROUNDDOWN((ROW()-1)/5,0)+2) -> 物理类 | C49: 平均分 | D49: ='质量分析(总分) '!$D$55 -> 105.00061 | E49: ='质量分析(总分) '!$D$82 -> 91.524203 | F49: ='质量分析(总分) '!$D$109 -> 108.86397 | G49: =IF(_xlfn.NUMBERVALUE(G47)>0,'质量分析(总分) '!$D$133,"") -> 62.652143 | H49: =IF(_xlfn.NUMBERVALUE(H47)>0,'质量分析(总分) '!$D$157,"") -> 81.868613 | I49: =IF(_xlfn.NUMBERVALUE(I47)>0,'质量分析(总分) '!$D$180,"") -> 83.367647 | J49: =IF(_xlfn.NUMBERVALUE(J47)>0,'质量分析(总分) '!$D$208,"") | K49: =IF(_xlfn.NUMBERVALUE(K47)>0,'质量分析(总分) '!$D$194,"") | L49: =IF(_xlfn.NUMBERVALUE(L47)>0,'质量分析(总分) '!$D$222,"") | M49: =IF(_xlfn.NUMBERVALUE(G47)>0,'质量分析(总分) '!$D$23,'质量分析(总分) '!$D$28) -> 535.86929
A51: 高三上 期末考 | B51: 班级 | C51: 姓名 | D51: 语文 | E51: 数学 | F51: 英语 | G51: 物理 | H51: 化学 | I51: 生物 | J51: 政治 | K51: 历史 | L51: 地理 | M51: 总分
B52: =INDIRECT("'按班级打印'!G"&ROUNDDOWN((ROW()-1)/5,0)+2) -> 1 | C52: =INDIRECT("'按班级打印'!A"&ROUNDDOWN((ROW()-1)/5,0)+2) -> 范佳馨 | D52: =INDIRECT("'按班级打印'!M"&ROUNDDOWN((ROW()-1)/5,0)+2) -> 118.5 | E52: =INDIRECT("'按班级打印'!o"&ROUNDDOWN((ROW()-1)/5,0)+2) -> 104 | F52: =INDIRECT("'按班级打印'!q"&ROUNDDOWN((ROW()-1)/5,0)+2) -> 121 | G52: =IF(INDIRECT("'按班级打印'!s"&ROUNDDOWN((ROW()-1)/5,0)+2)>0,INDIRECT("'按班级打印'!s"&ROUNDDOWN((ROW()-1)/5,0)+2),"") -> 60 | H52: =IF(INDIRECT("'按班级打印'!w"&ROUNDDOWN((ROW()-1)/5,0)+2)>0,INDIRECT("'按班级打印'!w"&ROUNDDOWN((ROW()-1)/5,0)+2),"") -> 69.5 | I52: =IF(INDIRECT("'按班级打印'!z"&ROUNDDOWN((ROW()-1)/5,0)+2)>0,INDIRECT("'按班级打印'!z"&ROUNDDOWN((ROW()-1)/5,0)+2),"") -> 79.25 | J52: =IF(INDIRECT("'按班级打印'!ac"&ROUNDDOWN((ROW()-1)/5,0)+2)>0,INDIRECT("'按班级打印'!ac"&ROUNDDOWN((ROW()-1)/5,0)+2),"") | K52: =IF(INDIRECT("'按班级打印'!u"&ROUNDDOWN((ROW()-1)/5,0)+2)>0,INDIRECT("'按班级打印'!u"&ROUNDDOWN((ROW()-1)/5,0)+2),"") | L52: =IF(INDIRECT("'按班级打印'!af"&ROUNDDOWN((ROW()-1)/5,0)+2)>0,INDIRECT("'按班级打印'!af"&ROUNDDOWN((ROW()-1)/5,0)+2),"") | M52: =INDIRECT("'按班级打印'!H"&ROUNDDOWN((ROW()-1)/5,0)+2) -> 552.25
C53: 赋分 | D53: =INDIRECT("'按班级打印'!M"&ROUNDDOWN((ROW()-1)/5,0)+2) -> 118.5 | E53: =INDIRECT("'按班级打印'!o"&ROUNDDOWN((ROW()-1)/5,0)+2) -> 104 | F53: =INDIRECT("'按班级打印'!q"&ROUNDDOWN((ROW()-1)/5,0)+2) -> 121 | G53: =IF(INDIRECT("'按班级打印'!s"&ROUNDDOWN((ROW()-1)/5,0)+2)>0,INDIRECT("'按班级打印'!s"&ROUNDDOWN((ROW()-1)/5,0)+2),"") -> 60 | H53: =IF(INDIRECT("'按班级打印'!x"&ROUNDDOWN((ROW()-1)/5,0)+2)>0,INDIRECT("'按班级打印'!x"&ROUNDDOWN((ROW()-1)/5,0)+2),"") -> 89 | I53: =IF(INDIRECT("'按班级打印'!aa"&ROUNDDOWN((ROW()-1)/5,0)+2)>0,INDIRECT("'按班级打印'!aa"&ROUNDDOWN((ROW()-1)/5,0)+2),"") -> 88 | J53: =IF(INDIRECT("'按班级打印'!ad"&ROUNDDOWN((ROW()-1)/5,0)+2)>0,INDIRECT("'按班级打印'!ad"&ROUNDDOWN((ROW()-1)/5,0)+2),"") | K53: =IF(INDIRECT("'按班级打印'!u"&ROUNDDOWN((ROW()-1)/5,0)+2)>0,INDIRECT("'按班级打印'!u"&ROUNDDOWN((ROW()-1)/5,0)+2),"") | L53: =IF(INDIRECT("'按班级打印'!ag"&ROUNDDOWN((ROW()-1)/5,0)+2)>0,INDIRECT("'按班级打印'!ag"&ROUNDDOWN((ROW()-1)/5,0)+2),"") | M53: =INDIRECT("'按班级打印'!I"&ROUNDDOWN((ROW()-1)/5,0)+2) -> 580.5
A54: =INDIRECT("'按班级打印'!E"&ROUNDDOWN((ROW()-1)/5,0)+2) -> 物理类 | C54: 平均分 | D54: ='质量分析(总分) '!$D$55 -> 105.00061 | E54: ='质量分析(总分) '!$D$82 -> 91.524203 | F54: ='质量分析(总分) '!$D$109 -> 108.86397 | G54: =IF(_xlfn.NUMBERVALUE(G52)>0,'质量分析(总分) '!$D$133,"") -> 62.652143 | H54: =IF(_xlfn.NUMBERVALUE(H52)>0,'质量分析(总分) '!$D$157,"") -> 81.868613 | I54: =IF(_xlfn.NUMBERVALUE(I52)>0,'质量分析(总分) '!$D$180,"") -> 83.367647 | J54: =IF(_xlfn.NUMBERVALUE(J52)>0,'质量分析(总分) '!$D$208,"") | K54: =IF(_xlfn.NUMBERVALUE(K52)>0,'质量分析(总分) '!$D$194,"") | L54: =IF(_xlfn.NUMBERVALUE(L52)>0,'质量分析(总分) '!$D$222,"") | M54: =IF(_xlfn.NUMBERVALUE(G52)>0,'质量分析(总分) '!$D$23,'质量分析(总分) '!$D$28) -> 535.86929
A56: 高三上 期末考 | B56: 班级 | C56: 姓名 | D56: 语文 | E56: 数学 | F56: 英语 | G56: 物理 | H56: 化学 | I56: 生物 | J56: 政治 | K56: 历史 | L56: 地理 | M56: 总分
B57: =INDIRECT("'按班级打印'!G"&ROUNDDOWN((ROW()-1)/5,0)+2) -> 1 | C57: =INDIRECT("'按班级打印'!A"&ROUNDDOWN((ROW()-1)/5,0)+2) -> 林铭昊 | D57: =INDIRECT("'按班级打印'!M"&ROUNDDOWN((ROW()-1)/5,0)+2) -> 93.5 | E57: =INDIRECT("'按班级打印'!o"&ROUNDDOWN((ROW()-1)/5,0)+2) -> 113.5 | F57: =INDIRECT("'按班级打印'!q"&ROUNDDOWN((ROW()-1)/5,0)+2) -> 107 | G57: =IF(INDIRECT("'按班级打印'!s"&ROUNDDOWN((ROW()-1)/5,0)+2)>0,INDIRECT("'按班级打印'!s"&ROUNDDOWN((ROW()-1)/5,0)+2),"") -> 81 | H57: =IF(INDIRECT("'按班级打印'!w"&ROUNDDOWN((ROW()-1)/5,0)+2)>0,INDIRECT("'按班级打印'!w"&ROUNDDOWN((ROW()-1)/5,0)+2),"") -> 68 | I57: =IF(INDIRECT("'按班级打印'!z"&ROUNDDOWN((ROW()-1)/5,0)+2)>0,INDIRECT("'按班级打印'!z"&ROUNDDOWN((ROW()-1)/5,0)+2),"") -> 79 | J57: =IF(INDIRECT("'按班级打印'!ac"&ROUNDDOWN((ROW()-1)/5,0)+2)>0,INDIRECT("'按班级打印'!ac"&ROUNDDOWN((ROW()-1)/5,0)+2),"") | K57: =IF(INDIRECT("'按班级打印'!u"&ROUNDDOWN((ROW()-1)/5,0)+2)>0,INDIRECT("'按班级打印'!u"&ROUNDDOWN((ROW()-1)/5,0)+2),"") | L57: =IF(INDIRECT("'按班级打印'!af"&ROUNDDOWN((ROW()-1)/5,0)+2)>0,INDIRECT("'按班级打印'!af"&ROUNDDOWN((ROW()-1)/5,0)+2),"") | M57: =INDIRECT("'按班级打印'!H"&ROUNDDOWN((ROW()-1)/5,0)+2) -> 542
C58: 赋分 | D58: =INDIRECT("'按班级打印'!M"&ROUNDDOWN((ROW()-1)/5,0)+2) -> 93.5 | E58: =INDIRECT("'按班级打印'!o"&ROUNDDOWN((ROW()-1)/5,0)+2) -> 113.5 | F58: =INDIRECT("'按班级打印'!q"&ROUNDDOWN((ROW()-1)/5,0)+2) -> 107 | G58: =IF(INDIRECT("'按班级打印'!s"&ROUNDDOWN((ROW()-1)/5,0)+2)>0,INDIRECT("'按班级打印'!s"&ROUNDDOWN((ROW()-1)/5,0)+2),"") -> 81 | H58: =IF(INDIRECT("'按班级打印'!x"&ROUNDDOWN((ROW()-1)/5,0)+2)>0,INDIRECT("'按班级打印'!x"&ROUNDDOWN((ROW()-1)/5,0)+2),"") -> 88 | I58: =IF(INDIRECT("'按班级打印'!aa"&ROUNDDOWN((ROW()-1)/5,0)+2)>0,INDIRECT("'按班级打印'!aa"&ROUNDDOWN((ROW()-1)/5,0)+2),"") -> 88 | J58: =IF(INDIRECT("'按班级打印'!ad"&ROUNDDOWN((ROW()-1)/5,0)+2)>0,INDIRECT("'按班级打印'!ad"&ROUNDDOWN((ROW()-1)/5,0)+2),"") | K58: =IF(INDIRECT("'按班级打印'!u"&ROUNDDOWN((ROW()-1)/5,0)+2)>0,INDIRECT("'按班级打印'!u"&ROUNDDOWN((ROW()-1)/5,0)+2),"") | L58: =IF(INDIRECT("'按班级打印'!ag"&ROUNDDOWN((ROW()-1)/5,0)+2)>0,INDIRECT("'按班级打印'!ag"&ROUNDDOWN((ROW()-1)/5,0)+2),"") | M58: =INDIRECT("'按班级打印'!I"&ROUNDDOWN((ROW()-1)/5,0)+2) -> 571
A59: =INDIRECT("'按班级打印'!E"&ROUNDDOWN((ROW()-1)/5,0)+2) -> 物理类 | C59: 平均分 | D59: ='质量分析(总分) '!$D$55 -> 105.00061 | E59: ='质量分析(总分) '!$D$82 -> 91.524203 | F59: ='质量分析(总分) '!$D$109 -> 108.86397 | G59: =IF(_xlfn.NUMBERVALUE(G57)>0,'质量分析(总分) '!$D$133,"") -> 62.652143 | H59: =IF(_xlfn.NUMBERVALUE(H57)>0,'质量分析(总分) '!$D$157,"") -> 81.868613 | I59: =IF(_xlfn.NUMBERVALUE(I57)>0,'质量分析(总分) '!$D$180,"") -> 83.367647 | J59: =IF(_xlfn.NUMBERVALUE(J57)>0,'质量分析(总分) '!$D$208,"") | K59: =IF(_xlfn.NUMBERVALUE(K57)>0,'质量分析(总分) '!$D$194,"") | L59: =IF(_xlfn.NUMBERVALUE(L57)>0,'质量分析(总分) '!$D$222,"") | M59: =IF(_xlfn.NUMBERVALUE(G57)>0,'质量分析(总分) '!$D$23,'质量分析(总分) '!$D$28) -> 535.86929
A61: 高三上 期末考 | B61: 班级 | C61: 姓名 | D61: 语文 | E61: 数学 | F61: 英语 | G61: 物理 | H61: 化学 | I61: 生物 | J61: 政治 | K61: 历史 | L61: 地理 | M61: 总分
B62: =INDIRECT("'按班级打印'!G"&ROUNDDOWN((ROW()-1)/5,0)+2) -> 1 | C62: =INDIRECT("'按班级打印'!A"&ROUNDDOWN((ROW()-1)/5,0)+2) -> 林奇正 | D62: =INDIRECT("'按班级打印'!M"&ROUNDDOWN((ROW()-1)/5,0)+2) -> 107 | E62: =INDIRECT("'按班级打印'!o"&ROUNDDOWN((ROW()-1)/5,0)+2) -> 84.5 | F62: =INDIRECT("'按班级打印'!q"&ROUNDDOWN((ROW()-1)/5,0)+2) -> 110.5 | G62: =IF(INDIRECT("'按班级打印'!s"&ROUNDDOWN((ROW()-1)/5,0)+2)>0,INDIRECT("'按班级打印'!s"&ROUNDDOWN((ROW()-1)/5,0)+2),"") -> 56 | H62: =IF(INDIRECT("'按班级打印'!w"&ROUNDDOWN((ROW()-1)/5,0)+2)>0,INDIRECT("'按班级打印'!w"&ROUNDDOWN((ROW()-1)/5,0)+2),"") -> 63.5 | I62: =IF(INDIRECT("'按班级打印'!z"&ROUNDDOWN((ROW()-1)/5,0)+2)>0,INDIRECT("'按班级打印'!z"&ROUNDDOWN((ROW()-1)/5,0)+2),"") -> 65 | J62: =IF(INDIRECT("'按班级打印'!ac"&ROUNDDOWN((ROW()-1)/5,0)+2)>0,INDIRECT("'按班级打印'!ac"&ROUNDDOWN((ROW()-1)/5,0)+2),"") | K62: =IF(INDIRECT("'按班级打印'!u"&ROUNDDOWN((ROW()-1)/5,0)+2)>0,INDIRECT("'按班级打印'!u"&ROUNDDOWN((ROW()-1)/5,0)+2),"") | L62: =IF(INDIRECT("'按班级打印'!af"&ROUNDDOWN((ROW()-1)/5,0)+2)>0,INDIRECT("'按班级打印'!af"&ROUNDDOWN((ROW()-1)/5,0)+2),"") | M62: =INDIRECT("'按班级打印'!H"&ROUNDDOWN((ROW()-1)/5,0)+2) -> 486.5
C63: 赋分 | D63: =INDIRECT("'按班级打印'!M"&ROUNDDOWN((ROW()-1)/5,0)+2) -> 107 | E63: =INDIRECT("'按班级打印'!o"&ROUNDDOWN((ROW()-1)/5,0)+2) -> 84.5 | F63: =INDIRECT("'按班级打印'!q"&ROUNDDOWN((ROW()-1)/5,0)+2) -> 110.5 | G63: =IF(INDIRECT("'按班级打印'!s"&ROUNDDOWN((ROW()-1)/5,0)+2)>0,INDIRECT("'按班级打印'!s"&ROUNDDOWN((ROW()-1)/5,0)+2),"") -> 56 | H63: =IF(INDIRECT("'按班级打印'!x"&ROUNDDOWN((ROW()-1)/5,0)+2)>0,INDIRECT("'按班级打印'!x"&ROUNDDOWN((ROW()-1)/5,0)+2),"") -> 86 | I63: =IF(INDIRECT("'按班级打印'!aa"&ROUNDDOWN((ROW()-1)/5,0)+2)>0,INDIRECT("'按班级打印'!aa"&ROUNDDOWN((ROW()-1)/5,0)+2),"") -> 74 | J63: =IF(INDIRECT("'按班级打印'!ad"&ROUNDDOWN((ROW()-1)/5,0)+2)>0,INDIRECT("'按班级打印'!ad"&ROUNDDOWN((ROW()-1)/5,0)+2),"") | K63: =IF(INDIRECT("'按班级打印'!u"&ROUNDDOWN((ROW()-1)/5,0)+2)>0,INDIRECT("'按班级打印'!u"&ROUNDDOWN((ROW()-1)/5,0)+2),"") | L63: =IF(INDIRECT("'按班级打印'!ag"&ROUNDDOWN((ROW()-1)/5,0)+2)>0,INDIRECT("'按班级打印'!ag"&ROUNDDOWN((ROW()-1)/5,0)+2),"") | M63: =INDIRECT("'按班级打印'!I"&ROUNDDOWN((ROW()-1)/5,0)+2) -> 518
A64: =INDIRECT("'按班级打印'!E"&ROUNDDOWN((ROW()-1)/5,0)+2) -> 物理类 | C64: 平均分 | D64: ='质量分析(总分) '!$D$55 -> 105.00061 | E64: ='质量分析(总分) '!$D$82 -> 91.524203 | F64: ='质量分析(总分) '!$D$109 -> 108.86397 | G64: =IF(_xlfn.NUMBERVALUE(G62)>0,'质量分析(总分) '!$D$133,"") -> 62.652143 | H64: =IF(_xlfn.NUMBERVALUE(H62)>0,'质量分析(总分) '!$D$157,"") -> 81.868613 | I64: =IF(_xlfn.NUMBERVALUE(I62)>0,'质量分析(总分) '!$D$180,"") -> 83.367647 | J64: =IF(_xlfn.NUMBERVALUE(J62)>0,'质量分析(总分) '!$D$208,"") | K64: =IF(_xlfn.NUMBERVALUE(K62)>0,'质量分析(总分) '!$D$194,"") | L64: =IF(_xlfn.NUMBERVALUE(L62)>0,'质量分析(总分) '!$D$222,"") | M64: =IF(_xlfn.NUMBERVALUE(G62)>0,'质量分析(总分) '!$D$23,'质量分析(总分) '!$D$28) -> 535.86929
A66: 高三上 期末考 | B66: 班级 | C66: 姓名 | D66: 语文 | E66: 数学 | F66: 英语 | G66: 物理 | H66: 化学 | I66: 生物 | J66: 政治 | K66: 历史 | L66: 地理 | M66: 总分
B67: =INDIRECT("'按班级打印'!G"&ROUNDDOWN((ROW()-1)/5,0)+2) -> 1 | C67: =INDIRECT("'按班级打印'!A"&ROUNDDOWN((ROW()-1)/5,0)+2) -> 王铭宇 | D67: =INDIRECT("'按班级打印'!M"&ROUNDDOWN((ROW()-1)/5,0)+2) -> 105.5 | E67: =INDIRECT("'按班级打印'!o"&ROUNDDOWN((ROW()-1)/5,0)+2) -> 108.5 | F67: =INDIRECT("'按班级打印'!q"&ROUNDDOWN((ROW()-1)/5,0)+2) -> 107.5 | G67: =IF(INDIRECT("'按班级打印'!s"&ROUNDDOWN((ROW()-1)/5,0)+2)>0,INDIRECT("'按班级打印'!s"&ROUNDDOWN((ROW()-1)/5,0)+2),"") -> 83 | H67: =IF(INDIRECT("'按班级打印'!w"&ROUNDDOWN((ROW()-1)/5,0)+2)>0,INDIRECT("'按班级打印'!w"&ROUNDDOWN((ROW()-1)/5,0)+2),"") -> 81 | I67: =IF(INDIRECT("'按班级打印'!z"&ROUNDDOWN((ROW()-1)/5,0)+2)>0,INDIRECT("'按班级打印'!z"&ROUNDDOWN((ROW()-1)/5,0)+2),"") -> 85.5 | J67: =IF(INDIRECT("'按班级打印'!ac"&ROUNDDOWN((ROW()-1)/5,0)+2)>0,INDIRECT("'按班级打印'!ac"&ROUNDDOWN((ROW()-1)/5,0)+2),"") | K67: =IF(INDIRECT("'按班级打印'!u"&ROUNDDOWN((ROW()-1)/5,0)+2)>0,INDIRECT("'按班级打印'!u"&ROUNDDOWN((ROW()-1)/5,0)+2),"") | L67: =IF(INDIRECT("'按班级打印'!af"&ROUNDDOWN((ROW()-1)/5,0)+2)>0,INDIRECT("'按班级打印'!af"&ROUNDDOWN((ROW()-1)/5,0)+2),"") | M67: =INDIRECT("'按班级打印'!H"&ROUNDDOWN((ROW()-1)/5,0)+2) -> 571
C68: 赋分 | D68: =INDIRECT("'按班级打印'!M"&ROUNDDOWN((ROW()-1)/5,0)+2) -> 105.5 | E68: =INDIRECT("'按班级打印'!o"&ROUNDDOWN((ROW()-1)/5,0)+2) -> 108.5 | F68: =INDIRECT("'按班级打印'!q"&ROUNDDOWN((ROW()-1)/5,0)+2) -> 107.5 | G68: =IF(INDIRECT("'按班级打印'!s"&ROUNDDOWN((ROW()-1)/5,0)+2)>0,INDIRECT("'按班级打印'!s"&ROUNDDOWN((ROW()-1)/5,0)+2),"") -> 83 | H68: =IF(INDIRECT("'按班级打印'!x"&ROUNDDOWN((ROW()-1)/5,0)+2)>0,INDIRECT("'按班级打印'!x"&ROUNDDOWN((ROW()-1)/5,0)+2),"") -> 93 | I68: =IF(INDIRECT("'按班级打印'!aa"&ROUNDDOWN((ROW()-1)/5,0)+2)>0,INDIRECT("'按班级打印'!aa"&ROUNDDOWN((ROW()-1)/5,0)+2),"") -> 92 | J68: =IF(INDIRECT("'按班级打印'!ad"&ROUNDDOWN((ROW()-1)/5,0)+2)>0,INDIRECT("'按班级打印'!ad"&ROUNDDOWN((ROW()-1)/5,0)+2),"") | K68: =IF(INDIRECT("'按班级打印'!u"&ROUNDDOWN((ROW()-1)/5,0)+2)>0,INDIRECT("'按班级打印'!u"&ROUNDDOWN((ROW()-1)/5,0)+2),"") | L68: =IF(INDIRECT("'按班级打印'!ag"&ROUNDDOWN((ROW()-1)/5,0)+2)>0,INDIRECT("'按班级打印'!ag"&ROUNDDOWN((ROW()-1)/5,0)+2),"") | M68: =INDIRECT("'按班级打印'!I"&ROUNDDOWN((ROW()-1)/5,0)+2) -> 589.5
A69: =INDIRECT("'按班级打印'!E"&ROUNDDOWN((ROW()-1)/5,0)+2) -> 物理类 | C69: 平均分 | D69: ='质量分析(总分) '!$D$55 -> 105.00061 | E69: ='质量分析(总分) '!$D$82 -> 91.524203 | F69: ='质量分析(总分) '!$D$109 -> 108.86397 | G69: =IF(_xlfn.NUMBERVALUE(G67)>0,'质量分析(总分) '!$D$133,"") -> 62.652143 | H69: =IF(_xlfn.NUMBERVALUE(H67)>0,'质量分析(总分) '!$D$157,"") -> 81.868613 | I69: =IF(_xlfn.NUMBERVALUE(I67)>0,'质量分析(总分) '!$D$180,"") -> 83.367647 | J69: =IF(_xlfn.NUMBERVALUE(J67)>0,'质量分析(总分) '!$D$208,"") | K69: =IF(_xlfn.NUMBERVALUE(K67)>0,'质量分析(总分) '!$D$194,"") | L69: =IF(_xlfn.NUMBERVALUE(L67)>0,'质量分析(总分) '!$D$222,"") | M69: =IF(_xlfn.NUMBERVALUE(G67)>0,'质量分析(总分) '!$D$23,'质量分析(总分) '!$D$28) -> 535.86929
A71: 高三上 期末考 | B71: 班级 | C71: 姓名 | D71: 语文 | E71: 数学 | F71: 英语 | G71: 物理 | H71: 化学 | I71: 生物 | J71: 政治 | K71: 历史 | L71: 地理 | M71: 总分
B72: =INDIRECT("'按班级打印'!G"&ROUNDDOWN((ROW()-1)/5,0)+2) -> 1 | C72: =INDIRECT("'按班级打印'!A"&ROUNDDOWN((ROW()-1)/5,0)+2) -> 雷永宏 | D72: =INDIRECT("'按班级打印'!M"&ROUNDDOWN((ROW()-1)/5,0)+2) -> 106.5 | E72: =INDIRECT("'按班级打印'!o"&ROUNDDOWN((ROW()-1)/5,0)+2) -> 98 | F72: =INDIRECT("'按班级打印'!q"&ROUNDDOWN((ROW()-1)/5,0)+2) -> 103 | G72: =IF(INDIRECT("'按班级打印'!s"&ROUNDDOWN((ROW()-1)/5,0)+2)>0,INDIRECT("'按班级打印'!s"&ROUNDDOWN((ROW()-1)/5,0)+2),"") -> 61.5 | H72: =IF(INDIRECT("'按班级打印'!w"&ROUNDDOWN((ROW()-1)/5,0)+2)>0,INDIRECT("'按班级打印'!w"&ROUNDDOWN((ROW()-1)/5,0)+2),"") -> 69 | I72: =IF(INDIRECT("'按班级打印'!z"&ROUNDDOWN((ROW()-1)/5,0)+2)>0,INDIRECT("'按班级打印'!z"&ROUNDDOWN((ROW()-1)/5,0)+2),"") -> 74 | J72: =IF(INDIRECT("'按班级打印'!ac"&ROUNDDOWN((ROW()-1)/5,0)+2)>0,INDIRECT("'按班级打印'!ac"&ROUNDDOWN((ROW()-1)/5,0)+2),"") | K72: =IF(INDIRECT("'按班级打印'!u"&ROUNDDOWN((ROW()-1)/5,0)+2)>0,INDIRECT("'按班级打印'!u"&ROUNDDOWN((ROW()-1)/5,0)+2),"") | L72: =IF(INDIRECT("'按班级打印'!af"&ROUNDDOWN((ROW()-1)/5,0)+2)>0,INDIRECT("'按班级打印'!af"&ROUNDDOWN((ROW()-1)/5,0)+2),"") | M72: =INDIRECT("'按班级打印'!H"&ROUNDDOWN((ROW()-1)/5,0)+2) -> 512
C73: 赋分 | D73: =INDIRECT("'按班级打印'!M"&ROUNDDOWN((ROW()-1)/5,0)+2) -> 106.5 | E73: =INDIRECT("'按班级打印'!o"&ROUNDDOWN((ROW()-1)/5,0)+2) -> 98 | F73: =INDIRECT("'按班级打印'!q"&ROUNDDOWN((ROW()-1)/5,0)+2) -> 103 | G73: =IF(INDIRECT("'按班级打印'!s"&ROUNDDOWN((ROW()-1)/5,0)+2)>0,INDIRECT("'按班级打印'!s"&ROUNDDOWN((ROW()-1)/5,0)+2),"") -> 61.5 | H73: =IF(INDIRECT("'按班级打印'!x"&ROUNDDOWN((ROW()-1)/5,0)+2)>0,INDIRECT("'按班级打印'!x"&ROUNDDOWN((ROW()-1)/5,0)+2),"") -> 89 | I73: =IF(INDIRECT("'按班级打印'!aa"&ROUNDDOWN((ROW()-1)/5,0)+2)>0,INDIRECT("'按班级打印'!aa"&ROUNDDOWN((ROW()-1)/5,0)+2),"") -> 83 | J73: =IF(INDIRECT("'按班级打印'!ad"&ROUNDDOWN((ROW()-1)/5,0)+2)>0,INDIRECT("'按班级打印'!ad"&ROUNDDOWN((ROW()-1)/5,0)+2),"") | K73: =IF(INDIRECT("'按班级打印'!u"&ROUNDDOWN((ROW()-1)/5,0)+2)>0,INDIRECT("'按班级打印'!u"&ROUNDDOWN((ROW()-1)/5,0)+2),"") | L73: =IF(INDIRECT("'按班级打印'!ag"&ROUNDDOWN((ROW()-1)/5,0)+2)>0,INDIRECT("'按班级打印'!ag"&ROUNDDOWN((ROW()-1)/5,0)+2),"") | M73: =INDIRECT("'按班级打印'!I"&ROUNDDOWN((ROW()-1)/5,0)+2) -> 541
A74: =INDIRECT("'按班级打印'!E"&ROUNDDOWN((ROW()-1)/5,0)+2) -> 物理类 | C74: 平均分 | D74: ='质量分析(总分) '!$D$55 -> 105.00061 | E74: ='质量分析(总分) '!$D$82 -> 91.524203 | F74: ='质量分析(总分) '!$D$109 -> 108.86397 | G74: =IF(_xlfn.NUMBERVALUE(G72)>0,'质量分析(总分) '!$D$133,"") -> 62.652143 | H74: =IF(_xlfn.NUMBERVALUE(H72)>0,'质量分析(总分) '!$D$157,"") -> 81.868613 | I74: =IF(_xlfn.NUMBERVALUE(I72)>0,'质量分析(总分) '!$D$180,"") -> 83.367647 | J74: =IF(_xlfn.NUMBERVALUE(J72)>0,'质量分析(总分) '!$D$208,"") | K74: =IF(_xlfn.NUMBERVALUE(K72)>0,'质量分析(总分) '!$D$194,"") | L74: =IF(_xlfn.NUMBERVALUE(L72)>0,'质量分析(总分) '!$D$222,"") | M74: =IF(_xlfn.NUMBERVALUE(G72)>0,'质量分析(总分) '!$D$23,'质量分析(总分) '!$D$28) -> 535.86929
A76: 高三上 期末考 | B76: 班级 | C76: 姓名 | D76: 语文 | E76: 数学 | F76: 英语 | G76: 物理 | H76: 化学 | I76: 生物 | J76: 政治 | K76: 历史 | L76: 地理 | M76: 总分
B77: =INDIRECT("'按班级打印'!G"&ROUNDDOWN((ROW()-1)/5,0)+2) -> 1 | C77: =INDIRECT("'按班级打印'!A"&ROUNDDOWN((ROW()-1)/5,0)+2) -> 陈宇衡 | D77: =INDIRECT("'按班级打印'!M"&ROUNDDOWN((ROW()-1)/5,0)+2) -> 103.5 | E77: =INDIRECT("'按班级打印'!o"&ROUNDDOWN((ROW()-1)/5,0)+2) -> 106 | F77: =INDIRECT("'按班级打印'!q"&ROUNDDOWN((ROW()-1)/5,0)+2) -> 103.5 | G77: =IF(INDIRECT("'按班级打印'!s"&ROUNDDOWN((ROW()-1)/5,0)+2)>0,INDIRECT("'按班级打印'!s"&ROUNDDOWN((ROW()-1)/5,0)+2),"") -> 58.5 | H77: =IF(INDIRECT("'按班级打印'!w"&ROUNDDOWN((ROW()-1)/5,0)+2)>0,INDIRECT("'按班级打印'!w"&ROUNDDOWN((ROW()-1)/5,0)+2),"") -> 47 | I77: =IF(INDIRECT("'按班级打印'!z"&ROUNDDOWN((ROW()-1)/5,0)+2)>0,INDIRECT("'按班级打印'!z"&ROUNDDOWN((ROW()-1)/5,0)+2),"") -> 77.5 | J77: =IF(INDIRECT("'按班级打印'!ac"&ROUNDDOWN((ROW()-1)/5,0)+2)>0,INDIRECT("'按班级打印'!ac"&ROUNDDOWN((ROW()-1)/5,0)+2),"") | K77: =IF(INDIRECT("'按班级打印'!u"&ROUNDDOWN((ROW()-1)/5,0)+2)>0,INDIRECT("'按班级打印'!u"&ROUNDDOWN((ROW()-1)/5,0)+2),"") | L77: =IF(INDIRECT("'按班级打印'!af"&ROUNDDOWN((ROW()-1)/5,0)+2)>0,INDIRECT("'按班级打印'!af"&ROUNDDOWN((ROW()-1)/5,0)+2),"") | M77: =INDIRECT("'按班级打印'!H"&ROUNDDOWN((ROW()-1)/5,0)+2) -> 496
C78: 赋分 | D78: =INDIRECT("'按班级打印'!M"&ROUNDDOWN((ROW()-1)/5,0)+2) -> 103.5 | E78: =INDIRECT("'按班级打印'!o"&ROUNDDOWN((ROW()-1)/5,0)+2) -> 106 | F78: =INDIRECT("'按班级打印'!q"&ROUNDDOWN((ROW()-1)/5,0)+2) -> 103.5 | G78: =IF(INDIRECT("'按班级打印'!s"&ROUNDDOWN((ROW()-1)/5,0)+2)>0,INDIRECT("'按班级打印'!s"&ROUNDDOWN((ROW()-1)/5,0)+2),"") -> 58.5 | H78: =IF(INDIRECT("'按班级打印'!x"&ROUNDDOWN((ROW()-1)/5,0)+2)>0,INDIRECT("'按班级打印'!x"&ROUNDDOWN((ROW()-1)/5,0)+2),"") -> 74 | I78: =IF(INDIRECT("'按班级打印'!aa"&ROUNDDOWN((ROW()-1)/5,0)+2)>0,INDIRECT("'按班级打印'!aa"&ROUNDDOWN((ROW()-1)/5,0)+2),"") -> 87 | J78: =IF(INDIRECT("'按班级打印'!ad"&ROUNDDOWN((ROW()-1)/5,0)+2)>0,INDIRECT("'按班级打印'!ad"&ROUNDDOWN((ROW()-1)/5,0)+2),"") | K78: =IF(INDIRECT("'按班级打印'!u"&ROUNDDOWN((ROW()-1)/5,0)+2)>0,INDIRECT("'按班级打印'!u"&ROUNDDOWN((ROW()-1)/5,0)+2),"") | L78: =IF(INDIRECT("'按班级打印'!ag"&ROUNDDOWN((ROW()-1)/5,0)+2)>0,INDIRECT("'按班级打印'!ag"&ROUNDDOWN((ROW()-1)/5,0)+2),"") | M78: =INDIRECT("'按班级打印'!I"&ROUNDDOWN((ROW()-1)/5,0)+2) -> 532.5
A79: =INDIRECT("'按班级打印'!E"&ROUNDDOWN((ROW()-1)/5,0)+2) -> 物理类 | C79: 平均分 | D79: ='质量分析(总分) '!$D$55 -> 105.00061 | E79: ='质量分析(总分) '!$D$82 -> 91.524203 | F79: ='质量分析(总分) '!$D$109 -> 108.86397 | G79: =IF(_xlfn.NUMBERVALUE(G77)>0,'质量分析(总分) '!$D$133,"") -> 62.652143 | H79: =IF(_xlfn.NUMBERVALUE(H77)>0,'质量分析(总分) '!$D$157,"") -> 81.868613 | I79: =IF(_xlfn.NUMBERVALUE(I77)>0,'质量分析(总分) '!$D$180,"") -> 83.367647 | J79: =IF(_xlfn.NUMBERVALUE(J77)>0,'质量分析(总分) '!$D$208,"") | K79: =IF(_xlfn.NUMBERVALUE(K77)>0,'质量分析(总分) '!$D$194,"") | L79: =IF(_xlfn.NUMBERVALUE(L77)>0,'质量分析(总分) '!$D$222,"") | M79: =IF(_xlfn.NUMBERVALUE(G77)>0,'质量分析(总分) '!$D$23,'质量分析(总分) '!$D$28) -> 535.86929
A81: 高三上 期末考 | B81: 班级 | C81: 姓名 | D81: 语文 | E81: 数学 | F81: 英语 | G81: 物理 | H81: 化学 | I81: 生物 | J81: 政治 | K81: 历史 | L81: 地理 | M81: 总分
B82: =INDIRECT("'按班级打印'!G"&ROUNDDOWN((ROW()-1)/5,0)+2) -> 1 | C82: =INDIRECT("'按班级打印'!A"&ROUNDDOWN((ROW()-1)/5,0)+2) -> 陈勃丞 | D82: =INDIRECT("'按班级打印'!M"&ROUNDDOWN((ROW()-1)/5,0)+2) -> 96.5 | E82: =INDIRECT("'按班级打印'!o"&ROUNDDOWN((ROW()-1)/5,0)+2) -> 92.5 | F82: =INDIRECT("'按班级打印'!q"&ROUNDDOWN((ROW()-1)/5,0)+2) -> 105 | G82: =IF(INDIRECT("'按班级打印'!s"&ROUNDDOWN((ROW()-1)/5,0)+2)>0,INDIRECT("'按班级打印'!s"&ROUNDDOWN((ROW()-1)/5,0)+2),"") -> 57 | H82: =IF(INDIRECT("'按班级打印'!w"&ROUNDDOWN((ROW()-1)/5,0)+2)>0,INDIRECT("'按班级打印'!w"&ROUNDDOWN((ROW()-1)/5,0)+2),"") -> 45 | I82: =IF(INDIRECT("'按班级打印'!z"&ROUNDDOWN((ROW()-1)/5,0)+2)>0,INDIRECT("'按班级打印'!z"&ROUNDDOWN((ROW()-1)/5,0)+2),"") -> 61.5 | J82: =IF(INDIRECT("'按班级打印'!ac"&ROUNDDOWN((ROW()-1)/5,0)+2)>0,INDIRECT("'按班级打印'!ac"&ROUNDDOWN((ROW()-1)/5,0)+2),"") | K82: =IF(INDIRECT("'按班级打印'!u"&ROUNDDOWN((ROW()-1)/5,0)+2)>0,INDIRECT("'按班级打印'!u"&ROUNDDOWN((ROW()-1)/5,0)+2),"") | L82: =IF(INDIRECT("'按班级打印'!af"&ROUNDDOWN((ROW()-1)/5,0)+2)>0,INDIRECT("'按班级打印'!af"&ROUNDDOWN((ROW()-1)/5,0)+2),"") | M82: =INDIRECT("'按班级打印'!H"&ROUNDDOWN((ROW()-1)/5,0)+2) -> 457.5
C83: 赋分 | D83: =INDIRECT("'按班级打印'!M"&ROUNDDOWN((ROW()-1)/5,0)+2) -> 96.5 | E83: =INDIRECT("'按班级打印'!o"&ROUNDDOWN((ROW()-1)/5,0)+2) -> 92.5 | F83: =INDIRECT("'按班级打印'!q"&ROUNDDOWN((ROW()-1)/5,0)+2) -> 105 | G83: =IF(INDIRECT("'按班级打印'!s"&ROUNDDOWN((ROW()-1)/5,0)+2)>0,INDIRECT("'按班级打印'!s"&ROUNDDOWN((ROW()-1)/5,0)+2),"") -> 57 | H83: =IF(INDIRECT("'按班级打印'!x"&ROUNDDOWN((ROW()-1)/5,0)+2)>0,INDIRECT("'按班级打印'!x"&ROUNDDOWN((ROW()-1)/5,0)+2),"") -> 72 | I83: =IF(INDIRECT("'按班级打印'!aa"&ROUNDDOWN((ROW()-1)/5,0)+2)>0,INDIRECT("'按班级打印'!aa"&ROUNDDOWN((ROW()-1)/5,0)+2),"") -> 71 | J83: =IF(INDIRECT("'按班级打印'!ad"&ROUNDDOWN((ROW()-1)/5,0)+2)>0,INDIRECT("'按班级打印'!ad"&ROUNDDOWN((ROW()-1)/5,0)+2),"") | K83: =IF(INDIRECT("'按班级打印'!u"&ROUNDDOWN((ROW()-1)/5,0)+2)>0,INDIRECT("'按班级打印'!u"&ROUNDDOWN((ROW()-1)/5,0)+2),"") | L83: =IF(INDIRECT("'按班级打印'!ag"&ROUNDDOWN((ROW()-1)/5,0)+2)>0,INDIRECT("'按班级打印'!ag"&ROUNDDOWN((ROW()-1)/5,0)+2),"") | M83: =INDIRECT("'按班级打印'!I"&ROUNDDOWN((ROW()-1)/5,0)+2) -> 494
A84: =INDIRECT("'按班级打印'!E"&ROUNDDOWN((ROW()-1)/5,0)+2) -> 物理类 | C84: 平均分 | D84: ='质量分析(总分) '!$D$55 -> 105.00061 | E84: ='质量分析(总分) '!$D$82 -> 91.524203 | F84: ='质量分析(总分) '!$D$109 -> 108.86397 | G84: =IF(_xlfn.NUMBERVALUE(G82)>0,'质量分析(总分) '!$D$133,"") -> 62.652143 | H84: =IF(_xlfn.NUMBERVALUE(H82)>0,'质量分析(总分) '!$D$157,"") -> 81.868613 | I84: =IF(_xlfn.NUMBERVALUE(I82)>0,'质量分析(总分) '!$D$180,"") -> 83.367647 | J84: =IF(_xlfn.NUMBERVALUE(J82)>0,'质量分析(总分) '!$D$208,"") | K84: =IF(_xlfn.NUMBERVALUE(K82)>0,'质量分析(总分) '!$D$194,"") | L84: =IF(_xlfn.NUMBERVALUE(L82)>0,'质量分析(总分) '!$D$222,"") | M84: =IF(_xlfn.NUMBERVALUE(G82)>0,'质量分析(总分) '!$D$23,'质量分析(总分) '!$D$28) -> 535.86929
A86: 高三上 期末考 | B86: 班级 | C86: 姓名 | D86: 语文 | E86: 数学 | F86: 英语 | G86: 物理 | H86: 化学 | I86: 生物 | J86: 政治 | K86: 历史 | L86: 地理 | M86: 总分
B87: =INDIRECT("'按班级打印'!G"&ROUNDDOWN((ROW()-1)/5,0)+2) -> 1 | C87: =INDIRECT("'按班级打印'!A"&ROUNDDOWN((ROW()-1)/5,0)+2) -> 杨炳华 | D87: =INDIRECT("'按班级打印'!M"&ROUNDDOWN((ROW()-1)/5,0)+2) -> 115 | E87: =INDIRECT("'按班级打印'!o"&ROUNDDOWN((ROW()-1)/5,0)+2) -> 97.5 | F87: =INDIRECT("'按班级打印'!q"&ROUNDDOWN((ROW()-1)/5,0)+2) -> 111 | G87: =IF(INDIRECT("'按班级打印'!s"&ROUNDDOWN((ROW()-1)/5,0)+2)>0,INDIRECT("'按班级打印'!s"&ROUNDDOWN((ROW()-1)/5,0)+2),"") -> 59 | H87: =IF(INDIRECT("'按班级打印'!w"&ROUNDDOWN((ROW()-1)/5,0)+2)>0,INDIRECT("'按班级打印'!w"&ROUNDDOWN((ROW()-1)/5,0)+2),"") -> 76 | I87: =IF(INDIRECT("'按班级打印'!z"&ROUNDDOWN((ROW()-1)/5,0)+2)>0,INDIRECT("'按班级打印'!z"&ROUNDDOWN((ROW()-1)/5,0)+2),"") -> 79.5 | J87: =IF(INDIRECT("'按班级打印'!ac"&ROUNDDOWN((ROW()-1)/5,0)+2)>0,INDIRECT("'按班级打印'!ac"&ROUNDDOWN((ROW()-1)/5,0)+2),"") | K87: =IF(INDIRECT("'按班级打印'!u"&ROUNDDOWN((ROW()-1)/5,0)+2)>0,INDIRECT("'按班级打印'!u"&ROUNDDOWN((ROW()-1)/5,0)+2),"") | L87: =IF(INDIRECT("'按班级打印'!af"&ROUNDDOWN((ROW()-1)/5,0)+2)>0,INDIRECT("'按班级打印'!af"&ROUNDDOWN((ROW()-1)/5,0)+2),"") | M87: =INDIRECT("'按班级打印'!H"&ROUNDDOWN((ROW()-1)/5,0)+2) -> 538
C88: 赋分 | D88: =INDIRECT("'按班级打印'!M"&ROUNDDOWN((ROW()-1)/5,0)+2) -> 115 | E88: =INDIRECT("'按班级打印'!o"&ROUNDDOWN((ROW()-1)/5,0)+2) -> 97.5 | F88: =INDIRECT("'按班级打印'!q"&ROUNDDOWN((ROW()-1)/5,0)+2) -> 111 | G88: =IF(INDIRECT("'按班级打印'!s"&ROUNDDOWN((ROW()-1)/5,0)+2)>0,INDIRECT("'按班级打印'!s"&ROUNDDOWN((ROW()-1)/5,0)+2),"") -> 59 | H88: =IF(INDIRECT("'按班级打印'!x"&ROUNDDOWN((ROW()-1)/5,0)+2)>0,INDIRECT("'按班级打印'!x"&ROUNDDOWN((ROW()-1)/5,0)+2),"") -> 91 | I88: =IF(INDIRECT("'按班级打印'!aa"&ROUNDDOWN((ROW()-1)/5,0)+2)>0,INDIRECT("'按班级打印'!aa"&ROUNDDOWN((ROW()-1)/5,0)+2),"") -> 88 | J88: =IF(INDIRECT("'按班级打印'!ad"&ROUNDDOWN((ROW()-1)/5,0)+2)>0,INDIRECT("'按班级打印'!ad"&ROUNDDOWN((ROW()-1)/5,0)+2),"") | K88: =IF(INDIRECT("'按班级打印'!u"&ROUNDDOWN((ROW()-1)/5,0)+2)>0,INDIRECT("'按班级打印'!u"&ROUNDDOWN((ROW()-1)/5,0)+2),"") | L88: =IF(INDIRECT("'按班级打印'!ag"&ROUNDDOWN((ROW()-1)/5,0)+2)>0,INDIRECT("'按班级打印'!ag"&ROUNDDOWN((ROW()-1)/5,0)+2),"") | M88: =INDIRECT("'按班级打印'!I"&ROUNDDOWN((ROW()-1)/5,0)+2) -> 561.5
A89: =INDIRECT("'按班级打印'!E"&ROUNDDOWN((ROW()-1)/5,0)+2) -> 物理类 | C89: 平均分 | D89: ='质量分析(总分) '!$D$55 -> 105.00061 | E89: ='质量分析(总分) '!$D$82 -> 91.524203 | F89: ='质量分析(总分) '!$D$109 -> 108.86397 | G89: =IF(_xlfn.NUMBERVALUE(G87)>0,'质量分析(总分) '!$D$133,"") -> 62.652143 | H89: =IF(_xlfn.NUMBERVALUE(H87)>0,'质量分析(总分) '!$D$157,"") -> 81.868613 | I89: =IF(_xlfn.NUMBERVALUE(I87)>0,'质量分析(总分) '!$D$180,"") -> 83.367647 | J89: =IF(_xlfn.NUMBERVALUE(J87)>0,'质量分析(总分) '!$D$208,"") | K89: =IF(_xlfn.NUMBERVALUE(K87)>0,'质量分析(总分) '!$D$194,"") | L89: =IF(_xlfn.NUMBERVALUE(L87)>0,'质量分析(总分) '!$D$222,"") | M89: =IF(_xlfn.NUMBERVALUE(G87)>0,'质量分析(总分) '!$D$23,'质量分析(总分) '!$D$28) -> 535.86929
A91: 高三上 期末考 | B91: 班级 | C91: 姓名 | D91: 语文 | E91: 数学 | F91: 英语 | G91: 物理 | H91: 化学 | I91: 生物 | J91: 政治 | K91: 历史 | L91: 地理 | M91: 总分
B92: =INDIRECT("'按班级打印'!G"&ROUNDDOWN((ROW()-1)/5,0)+2) -> 1 | C92: =INDIRECT("'按班级打印'!A"&ROUNDDOWN((ROW()-1)/5,0)+2) -> 薛智豪 | D92: =INDIRECT("'按班级打印'!M"&ROUNDDOWN((ROW()-1)/5,0)+2) -> 107 | E92: =INDIRECT("'按班级打印'!o"&ROUNDDOWN((ROW()-1)/5,0)+2) -> 102.5 | F92: =INDIRECT("'按班级打印'!q"&ROUNDDOWN((ROW()-1)/5,0)+2) -> 121.5 | G92: =IF(INDIRECT("'按班级打印'!s"&ROUNDDOWN((ROW()-1)/5,0)+2)>0,INDIRECT("'按班级打印'!s"&ROUNDDOWN((ROW()-1)/5,0)+2),"") -> 68.5 | H92: =IF(INDIRECT("'按班级打印'!w"&ROUNDDOWN((ROW()-1)/5,0)+2)>0,INDIRECT("'按班级打印'!w"&ROUNDDOWN((ROW()-1)/5,0)+2),"") -> 66.5 | I92: =IF(INDIRECT("'按班级打印'!z"&ROUNDDOWN((ROW()-1)/5,0)+2)>0,INDIRECT("'按班级打印'!z"&ROUNDDOWN((ROW()-1)/5,0)+2),"") -> 63 | J92: =IF(INDIRECT("'按班级打印'!ac"&ROUNDDOWN((ROW()-1)/5,0)+2)>0,INDIRECT("'按班级打印'!ac"&ROUNDDOWN((ROW()-1)/5,0)+2),"") | K92: =IF(INDIRECT("'按班级打印'!u"&ROUNDDOWN((ROW()-1)/5,0)+2)>0,INDIRECT("'按班级打印'!u"&ROUNDDOWN((ROW()-1)/5,0)+2),"") | L92: =IF(INDIRECT("'按班级打印'!af"&ROUNDDOWN((ROW()-1)/5,0)+2)>0,INDIRECT("'按班级打印'!af"&ROUNDDOWN((ROW()-1)/5,0)+2),"") | M92: =INDIRECT("'按班级打印'!H"&ROUNDDOWN((ROW()-1)/5,0)+2) -> 529
C93: 赋分 | D93: =INDIRECT("'按班级打印'!M"&ROUNDDOWN((ROW()-1)/5,0)+2) -> 107 | E93: =INDIRECT("'按班级打印'!o"&ROUNDDOWN((ROW()-1)/5,0)+2) -> 102.5 | F93: =INDIRECT("'按班级打印'!q"&ROUNDDOWN((ROW()-1)/5,0)+2) -> 121.5 | G93: =IF(INDIRECT("'按班级打印'!s"&ROUNDDOWN((ROW()-1)/5,0)+2)>0,INDIRECT("'按班级打印'!s"&ROUNDDOWN((ROW()-1)/5,0)+2),"") -> 68.5 | H93: =IF(INDIRECT("'按班级打印'!x"&ROUNDDOWN((ROW()-1)/5,0)+2)>0,INDIRECT("'按班级打印'!x"&ROUNDDOWN((ROW()-1)/5,0)+2),"") -> 88 | I93: =IF(INDIRECT("'按班级打印'!aa"&ROUNDDOWN((ROW()-1)/5,0)+2)>0,INDIRECT("'按班级打印'!aa"&ROUNDDOWN((ROW()-1)/5,0)+2),"") -> 72 | J93: =IF(INDIRECT("'按班级打印'!ad"&ROUNDDOWN((ROW()-1)/5,0)+2)>0,INDIRECT("'按班级打印'!ad"&ROUNDDOWN((ROW()-1)/5,0)+2),"") | K93: =IF(INDIRECT("'按班级打印'!u"&ROUNDDOWN((ROW()-1)/5,0)+2)>0,INDIRECT("'按班级打印'!u"&ROUNDDOWN((ROW()-1)/5,0)+2),"") | L93: =IF(INDIRECT("'按班级打印'!ag"&ROUNDDOWN((ROW()-1)/5,0)+2)>0,INDIRECT("'按班级打印'!ag"&ROUNDDOWN((ROW()-1)/5,0)+2),"") | M93: =INDIRECT("'按班级打印'!I"&ROUNDDOWN((ROW()-1)/5,0)+2) -> 559.5
A94: =INDIRECT("'按班级打印'!E"&ROUNDDOWN((ROW()-1)/5,0)+2) -> 物理类 | C94: 平均分 | D94: ='质量分析(总分) '!$D$55 -> 105.00061 | E94: ='质量分析(总分) '!$D$82 -> 91.524203 | F94: ='质量分析(总分) '!$D$109 -> 108.86397 | G94: =IF(_xlfn.NUMBERVALUE(G92)>0,'质量分析(总分) '!$D$133,"") -> 62.652143 | H94: =IF(_xlfn.NUMBERVALUE(H92)>0,'质量分析(总分) '!$D$157,"") -> 81.868613 | I94: =IF(_xlfn.NUMBERVALUE(I92)>0,'质量分析(总分) '!$D$180,"") -> 83.367647 | J94: =IF(_xlfn.NUMBERVALUE(J92)>0,'质量分析(总分) '!$D$208,"") | K94: =IF(_xlfn.NUMBERVALUE(K92)>0,'质量分析(总分) '!$D$194,"") | L94: =IF(_xlfn.NUMBERVALUE(L92)>0,'质量分析(总分) '!$D$222,"") | M94: =IF(_xlfn.NUMBERVALUE(G92)>0,'质量分析(总分) '!$D$23,'质量分析(总分) '!$D$28) -> 535.86929
A96: 高三上 期末考 | B96: 班级 | C96: 姓名 | D96: 语文 | E96: 数学 | F96: 英语 | G96: 物理 | H96: 化学 | I96: 生物 | J96: 政治 | K96: 历史 | L96: 地理 | M96: 总分
B97: =INDIRECT("'按班级打印'!G"&ROUNDDOWN((ROW()-1)/5,0)+2) -> 1 | C97: =INDIRECT("'按班级打印'!A"&ROUNDDOWN((ROW()-1)/5,0)+2) -> 阮奕杰 | D97: =INDIRECT("'按班级打印'!M"&ROUNDDOWN((ROW()-1)/5,0)+2) -> 109 | E97: =INDIRECT("'按班级打印'!o"&ROUNDDOWN((ROW()-1)/5,0)+2) -> 104 | F97: =INDIRECT("'按班级打印'!q"&ROUNDDOWN((ROW()-1)/5,0)+2) -> 112.5 | G97: =IF(INDIRECT("'按班级打印'!s"&ROUNDDOWN((ROW()-1)/5,0)+2)>0,INDIRECT("'按班级打印'!s"&ROUNDDOWN((ROW()-1)/5,0)+2),"") -> 65.5 | H97: =IF(INDIRECT("'按班级打印'!w"&ROUNDDOWN((ROW()-1)/5,0)+2)>0,INDIRECT("'按班级打印'!w"&ROUNDDOWN((ROW()-1)/5,0)+2),"") -> 63 | I97: =IF(INDIRECT("'按班级打印'!z"&ROUNDDOWN((ROW()-1)/5,0)+2)>0,INDIRECT("'按班级打印'!z"&ROUNDDOWN((ROW()-1)/5,0)+2),"") -> 72.5 | J97: =IF(INDIRECT("'按班级打印'!ac"&ROUNDDOWN((ROW()-1)/5,0)+2)>0,INDIRECT("'按班级打印'!ac"&ROUNDDOWN((ROW()-1)/5,0)+2),"") | K97: =IF(INDIRECT("'按班级打印'!u"&ROUNDDOWN((ROW()-1)/5,0)+2)>0,INDIRECT("'按班级打印'!u"&ROUNDDOWN((ROW()-1)/5,0)+2),"") | L97: =IF(INDIRECT("'按班级打印'!af"&ROUNDDOWN((ROW()-1)/5,0)+2)>0,INDIRECT("'按班级打印'!af"&ROUNDDOWN((ROW()-1)/5,0)+2),"") | M97: =INDIRECT("'按班级打印'!H"&ROUNDDOWN((ROW()-1)/5,0)+2) -> 526.5
C98: 赋分 | D98: =INDIRECT("'按班级打印'!M"&ROUNDDOWN((ROW()-1)/5,0)+2) -> 109 | E98: =INDIRECT("'按班级打印'!o"&ROUNDDOWN((ROW()-1)/5,0)+2) -> 104 | F98: =INDIRECT("'按班级打印'!q"&ROUNDDOWN((ROW()-1)/5,0)+2) -> 112.5 | G98: =IF(INDIRECT("'按班级打印'!s"&ROUNDDOWN((ROW()-1)/5,0)+2)>0,INDIRECT("'按班级打印'!s"&ROUNDDOWN((ROW()-1)/5,0)+2),"") -> 65.5 | H98: =IF(INDIRECT("'按班级打印'!x"&ROUNDDOWN((ROW()-1)/5,0)+2)>0,INDIRECT("'按班级打印'!x"&ROUNDDOWN((ROW()-1)/5,0)+2),"") -> 86 | I98: =IF(INDIRECT("'按班级打印'!aa"&ROUNDDOWN((ROW()-1)/5,0)+2)>0,INDIRECT("'按班级打印'!aa"&ROUNDDOWN((ROW()-1)/5,0)+2),"") -> 81 | J98: =IF(INDIRECT("'按班级打印'!ad"&ROUNDDOWN((ROW()-1)/5,0)+2)>0,INDIRECT("'按班级打印'!ad"&ROUNDDOWN((ROW()-1)/5,0)+2),"") | K98: =IF(INDIRECT("'按班级打印'!u"&ROUNDDOWN((ROW()-1)/5,0)+2)>0,INDIRECT("'按班级打印'!u"&ROUNDDOWN((ROW()-1)/5,0)+2),"") | L98: =IF(INDIRECT("'按班级打印'!ag"&ROUNDDOWN((ROW()-1)/5,0)+2)>0,INDIRECT("'按班级打印'!ag"&ROUNDDOWN((ROW()-1)/5,0)+2),"") | M98: =INDIRECT("'按班级打印'!I"&ROUNDDOWN((ROW()-1)/5,0)+2) -> 558
A99: =INDIRECT("'按班级打印'!E"&ROUNDDOWN((ROW()-1)/5,0)+2) -> 物理类 | C99: 平均分 | D99: ='质量分析(总分) '!$D$55 -> 105.00061 | E99: ='质量分析(总分) '!$D$82 -> 91.524203 | F99: ='质量分析(总分) '!$D$109 -> 108.86397 | G99: =IF(_xlfn.NUMBERVALUE(G97)>0,'质量分析(总分) '!$D$133,"") -> 62.652143 | H99: =IF(_xlfn.NUMBERVALUE(H97)>0,'质量分析(总分) '!$D$157,"") -> 81.868613 | I99: =IF(_xlfn.NUMBERVALUE(I97)>0,'质量分析(总分) '!$D$180,"") -> 83.367647 | J99: =IF(_xlfn.NUMBERVALUE(J97)>0,'质量分析(总分) '!$D$208,"") | K99: =IF(_xlfn.NUMBERVALUE(K97)>0,'质量分析(总分) '!$D$194,"") | L99: =IF(_xlfn.NUMBERVALUE(L97)>0,'质量分析(总分) '!$D$222,"") | M99: =IF(_xlfn.NUMBERVALUE(G97)>0,'质量分析(总分) '!$D$23,'质量分析(总分) '!$D$28) -> 535.86929
A101: 高三上 期末考 | B101: 班级 | C101: 姓名 | D101: 语文 | E101: 数学 | F101: 英语 | G101: 物理 | H101: 化学 | I101: 生物 | J101: 政治 | K101: 历史 | L101: 地理 | M101: 总分
B102: =INDIRECT("'按班级打印'!G"&ROUNDDOWN((ROW()-1)/5,0)+2) -> 1 | C102: =INDIRECT("'按班级打印'!A"&ROUNDDOWN((ROW()-1)/5,0)+2) -> 詹文杰 | D102: =INDIRECT("'按班级打印'!M"&ROUNDDOWN((ROW()-1)/5,0)+2) -> 105 | E102: =INDIRECT("'按班级打印'!o"&ROUNDDOWN((ROW()-1)/5,0)+2) -> 108.5 | F102: =INDIRECT("'按班级打印'!q"&ROUNDDOWN((ROW()-1)/5,0)+2) -> 121.5 | G102: =IF(INDIRECT("'按班级打印'!s"&ROUNDDOWN((ROW()-1)/5,0)+2)>0,INDIRECT("'按班级打印'!s"&ROUNDDOWN((ROW()-1)/5,0)+2),"") -> 61.5 | H102: =IF(INDIRECT("'按班级打印'!w"&ROUNDDOWN((ROW()-1)/5,0)+2)>0,INDIRECT("'按班级打印'!w"&ROUNDDOWN((ROW()-1)/5,0)+2),"") -> 60 | I102: =IF(INDIRECT("'按班级打印'!z"&ROUNDDOWN((ROW()-1)/5,0)+2)>0,INDIRECT("'按班级打印'!z"&ROUNDDOWN((ROW()-1)/5,0)+2),"") -> 76.5 | J102: =IF(INDIRECT("'按班级打印'!ac"&ROUNDDOWN((ROW()-1)/5,0)+2)>0,INDIRECT("'按班级打印'!ac"&ROUNDDOWN((ROW()-1)/5,0)+2),"") | K102: =IF(INDIRECT("'按班级打印'!u"&ROUNDDOWN((ROW()-1)/5,0)+2)>0,INDIRECT("'按班级打印'!u"&ROUNDDOWN((ROW()-1)/5,0)+2),"") | L102: =IF(INDIRECT("'按班级打印'!af"&ROUNDDOWN((ROW()-1)/5,0)+2)>0,INDIRECT("'按班级打印'!af"&ROUNDDOWN((ROW()-1)/5,0)+2),"") | M102: =INDIRECT("'按班级打印'!H"&ROUNDDOWN((ROW()-1)/5,0)+2) -> 533
C103: 赋分 | D103: =INDIRECT("'按班级打印'!M"&ROUNDDOWN((ROW()-1)/5,0)+2) -> 105 | E103: =INDIRECT("'按班级打印'!o"&ROUNDDOWN((ROW()-1)/5,0)+2) -> 108.5 | F103: =INDIRECT("'按班级打印'!q"&ROUNDDOWN((ROW()-1)/5,0)+2) -> 121.5 | G103: =IF(INDIRECT("'按班级打印'!s"&ROUNDDOWN((ROW()-1)/5,0)+2)>0,INDIRECT("'按班级打印'!s"&ROUNDDOWN((ROW()-1)/5,0)+2),"") -> 61.5 | H103: =IF(INDIRECT("'按班级打印'!x"&ROUNDDOWN((ROW()-1)/5,0)+2)>0,INDIRECT("'按班级打印'!x"&ROUNDDOWN((ROW()-1)/5,0)+2),"") -> 83 | I103: =IF(INDIRECT("'按班级打印'!aa"&ROUNDDOWN((ROW()-1)/5,0)+2)>0,INDIRECT("'按班级打印'!aa"&ROUNDDOWN((ROW()-1)/5,0)+2),"") -> 86 | J103: =IF(INDIRECT("'按班级打印'!ad"&ROUNDDOWN((ROW()-1)/5,0)+2)>0,INDIRECT("'按班级打印'!ad"&ROUNDDOWN((ROW()-1)/5,0)+2),"") | K103: =IF(INDIRECT("'按班级打印'!u"&ROUNDDOWN((ROW()-1)/5,0)+2)>0,INDIRECT("'按班级打印'!u"&ROUNDDOWN((ROW()-1)/5,0)+2),"") | L103: =IF(INDIRECT("'按班级打印'!ag"&ROUNDDOWN((ROW()-1)/5,0)+2)>0,INDIRECT("'按班级打印'!ag"&ROUNDDOWN((ROW()-1)/5,0)+2),"") | M103: =INDIRECT("'按班级打印'!I"&ROUNDDOWN((ROW()-1)/5,0)+2) -> 565.5
A104: =INDIRECT("'按班级打印'!E"&ROUNDDOWN((ROW()-1)/5,0)+2) -> 物理类 | C104: 平均分 | D104: ='质量分析(总分) '!$D$55 -> 105.00061 | E104: ='质量分析(总分) '!$D$82 -> 91.524203 | F104: ='质量分析(总分) '!$D$109 -> 108.86397 | G104: =IF(_xlfn.NUMBERVALUE(G102)>0,'质量分析(总分) '!$D$133,"") -> 62.652143 | H104: =IF(_xlfn.NUMBERVALUE(H102)>0,'质量分析(总分) '!$D$157,"") -> 81.868613 | I104: =IF(_xlfn.NUMBERVALUE(I102)>0,'质量分析(总分) '!$D$180,"") -> 83.367647 | J104: =IF(_xlfn.NUMBERVALUE(J102)>0,'质量分析(总分) '!$D$208,"") | K104: =IF(_xlfn.NUMBERVALUE(K102)>0,'质量分析(总分) '!$D$194,"") | L104: =IF(_xlfn.NUMBERVALUE(L102)>0,'质量分析(总分) '!$D$222,"") | M104: =IF(_xlfn.NUMBERVALUE(G102)>0,'质量分析(总分) '!$D$23,'质量分析(总分) '!$D$28) -> 535.86929
A106: 高三上 期末考 | B106: 班级 | C106: 姓名 | D106: 语文 | E106: 数学 | F106: 英语 | G106: 物理 | H106: 化学 | I106: 生物 | J106: 政治 | K106: 历史 | L106: 地理 | M106: 总分
B107: =INDIRECT("'按班级打印'!G"&ROUNDDOWN((ROW()-1)/5,0)+2) -> 1 | C107: =INDIRECT("'按班级打印'!A"&ROUNDDOWN((ROW()-1)/5,0)+2) -> 毕禾 | D107: =INDIRECT("'按班级打印'!M"&ROUNDDOWN((ROW()-1)/5,0)+2) -> 102.5 | E107: =INDIRECT("'按班级打印'!o"&ROUNDDOWN((ROW()-1)/5,0)+2) -> 107 | F107: =INDIRECT("'按班级打印'!q"&ROUNDDOWN((ROW()-1)/5,0)+2) -> 115 | G107: =IF(INDIRECT("'按班级打印'!s"&ROUNDDOWN((ROW()-1)/5,0)+2)>0,INDIRECT("'按班级打印'!s"&ROUNDDOWN((ROW()-1)/5,0)+2),"") -> 53.5 | H107: =IF(INDIRECT("'按班级打印'!w"&ROUNDDOWN((ROW()-1)/5,0)+2)>0,INDIRECT("'按班级打印'!w"&ROUNDDOWN((ROW()-1)/5,0)+2),"") -> 58 | I107: =IF(INDIRECT("'按班级打印'!z"&ROUNDDOWN((ROW()-1)/5,0)+2)>0,INDIRECT("'按班级打印'!z"&ROUNDDOWN((ROW()-1)/5,0)+2),"") -> 64.5 | J107: =IF(INDIRECT("'按班级打印'!ac"&ROUNDDOWN((ROW()-1)/5,0)+2)>0,INDIRECT("'按班级打印'!ac"&ROUNDDOWN((ROW()-1)/5,0)+2),"") | K107: =IF(INDIRECT("'按班级打印'!u"&ROUNDDOWN((ROW()-1)/5,0)+2)>0,INDIRECT("'按班级打印'!u"&ROUNDDOWN((ROW()-1)/5,0)+2),"") | L107: =IF(INDIRECT("'按班级打印'!af"&ROUNDDOWN((ROW()-1)/5,0)+2)>0,INDIRECT("'按班级打印'!af"&ROUNDDOWN((ROW()-1)/5,0)+2),"") | M107: =INDIRECT("'按班级打印'!H"&ROUNDDOWN((ROW()-1)/5,0)+2) -> 500.5
C108: 赋分 | D108: =INDIRECT("'按班级打印'!M"&ROUNDDOWN((ROW()-1)/5,0)+2) -> 102.5 | E108: =INDIRECT("'按班级打印'!o"&ROUNDDOWN((ROW()-1)/5,0)+2) -> 107 | F108: =INDIRECT("'按班级打印'!q"&ROUNDDOWN((ROW()-1)/5,0)+2) -> 115 | G108: =IF(INDIRECT("'按班级打印'!s"&ROUNDDOWN((ROW()-1)/5,0)+2)>0,INDIRECT("'按班级打印'!s"&ROUNDDOWN((ROW()-1)/5,0)+2),"") -> 53.5 | H108: =IF(INDIRECT("'按班级打印'!x"&ROUNDDOWN((ROW()-1)/5,0)+2)>0,INDIRECT("'按班级打印'!x"&ROUNDDOWN((ROW()-1)/5,0)+2),"") -> 82 | I108: =IF(INDIRECT("'按班级打印'!aa"&ROUNDDOWN((ROW()-1)/5,0)+2)>0,INDIRECT("'按班级打印'!aa"&ROUNDDOWN((ROW()-1)/5,0)+2),"") -> 74 | J108: =IF(INDIRECT("'按班级打印'!ad"&ROUNDDOWN((ROW()-1)/5,0)+2)>0,INDIRECT("'按班级打印'!ad"&ROUNDDOWN((ROW()-1)/5,0)+2),"") | K108: =IF(INDIRECT("'按班级打印'!u"&ROUNDDOWN((ROW()-1)/5,0)+2)>0,INDIRECT("'按班级打印'!u"&ROUNDDOWN((ROW()-1)/5,0)+2),"") | L108: =IF(INDIRECT("'按班级打印'!ag"&ROUNDDOWN((ROW()-1)/5,0)+2)>0,INDIRECT("'按班级打印'!ag"&ROUNDDOWN((ROW()-1)/5,0)+2),"") | M108: =INDIRECT("'按班级打印'!I"&ROUNDDOWN((ROW()-1)/5,0)+2) -> 534
A109: =INDIRECT("'按班级打印'!E"&ROUNDDOWN((ROW()-1)/5,0)+2) -> 物理类 | C109: 平均分 | D109: ='质量分析(总分) '!$D$55 -> 105.00061 | E109: ='质量分析(总分) '!$D$82 -> 91.524203 | F109: ='质量分析(总分) '!$D$109 -> 108.86397 | G109: =IF(_xlfn.NUMBERVALUE(G107)>0,'质量分析(总分) '!$D$133,"") -> 62.652143 | H109: =IF(_xlfn.NUMBERVALUE(H107)>0,'质量分析(总分) '!$D$157,"") -> 81.868613 | I109: =IF(_xlfn.NUMBERVALUE(I107)>0,'质量分析(总分) '!$D$180,"") -> 83.367647 | J109: =IF(_xlfn.NUMBERVALUE(J107)>0,'质量分析(总分) '!$D$208,"") | K109: =IF(_xlfn.NUMBERVALUE(K107)>0,'质量分析(总分) '!$D$194,"") | L109: =IF(_xlfn.NUMBERVALUE(L107)>0,'质量分析(总分) '!$D$222,"") | M109: =IF(_xlfn.NUMBERVALUE(G107)>0,'质量分析(总分) '!$D$23,'质量分析(总分) '!$D$28) -> 535.86929
A111: 高三上 期末考 | B111: 班级 | C111: 姓名 | D111: 语文 | E111: 数学 | F111: 英语 | G111: 物理 | H111: 化学 | I111: 生物 | J111: 政治 | K111: 历史 | L111: 地理 | M111: 总分
B112: =INDIRECT("'按班级打印'!G"&ROUNDDOWN((ROW()-1)/5,0)+2) -> 1 | C112: =INDIRECT("'按班级打印'!A"&ROUNDDOWN((ROW()-1)/5,0)+2) -> 林开馨 | D112: =INDIRECT("'按班级打印'!M"&ROUNDDOWN((ROW()-1)/5,0)+2) -> 100.5 | E112: =INDIRECT("'按班级打印'!o"&ROUNDDOWN((ROW()-1)/5,0)+2) -> 99 | F112: =INDIRECT("'按班级打印'!q"&ROUNDDOWN((ROW()-1)/5,0)+2) -> 94 | G112: =IF(INDIRECT("'按班级打印'!s"&ROUNDDOWN((ROW()-1)/5,0)+2)>0,INDIRECT("'按班级打印'!s"&ROUNDDOWN((ROW()-1)/5,0)+2),"") -> 33 | H112: =IF(INDIRECT("'按班级打印'!w"&ROUNDDOWN((ROW()-1)/5,0)+2)>0,INDIRECT("'按班级打印'!w"&ROUNDDOWN((ROW()-1)/5,0)+2),"") -> 49 | I112: =IF(INDIRECT("'按班级打印'!z"&ROUNDDOWN((ROW()-1)/5,0)+2)>0,INDIRECT("'按班级打印'!z"&ROUNDDOWN((ROW()-1)/5,0)+2),"") -> 78 | J112: =IF(INDIRECT("'按班级打印'!ac"&ROUNDDOWN((ROW()-1)/5,0)+2)>0,INDIRECT("'按班级打印'!ac"&ROUNDDOWN((ROW()-1)/5,0)+2),"") | K112: =IF(INDIRECT("'按班级打印'!u"&ROUNDDOWN((ROW()-1)/5,0)+2)>0,INDIRECT("'按班级打印'!u"&ROUNDDOWN((ROW()-1)/5,0)+2),"") | L112: =IF(INDIRECT("'按班级打印'!af"&ROUNDDOWN((ROW()-1)/5,0)+2)>0,INDIRECT("'按班级打印'!af"&ROUNDDOWN((ROW()-1)/5,0)+2),"") | M112: =INDIRECT("'按班级打印'!H"&ROUNDDOWN((ROW()-1)/5,0)+2) -> 453.5
C113: 赋分 | D113: =INDIRECT("'按班级打印'!M"&ROUNDDOWN((ROW()-1)/5,0)+2) -> 100.5 | E113: =INDIRECT("'按班级打印'!o"&ROUNDDOWN((ROW()-1)/5,0)+2) -> 99 | F113: =INDIRECT("'按班级打印'!q"&ROUNDDOWN((ROW()-1)/5,0)+2) -> 94 | G113: =IF(INDIRECT("'按班级打印'!s"&ROUNDDOWN((ROW()-1)/5,0)+2)>0,INDIRECT("'按班级打印'!s"&ROUNDDOWN((ROW()-1)/5,0)+2),"") -> 33 | H113: =IF(INDIRECT("'按班级打印'!x"&ROUNDDOWN((ROW()-1)/5,0)+2)>0,INDIRECT("'按班级打印'!x"&ROUNDDOWN((ROW()-1)/5,0)+2),"") -> 75 | I113: =IF(INDIRECT("'按班级打印'!aa"&ROUNDDOWN((ROW()-1)/5,0)+2)>0,INDIRECT("'按班级打印'!aa"&ROUNDDOWN((ROW()-1)/5,0)+2),"") -> 87 | J113: =IF(INDIRECT("'按班级打印'!ad"&ROUNDDOWN((ROW()-1)/5,0)+2)>0,INDIRECT("'按班级打印'!ad"&ROUNDDOWN((ROW()-1)/5,0)+2),"") | K113: =IF(INDIRECT("'按班级打印'!u"&ROUNDDOWN((ROW()-1)/5,0)+2)>0,INDIRECT("'按班级打印'!u"&ROUNDDOWN((ROW()-1)/5,0)+2),"") | L113: =IF(INDIRECT("'按班级打印'!ag"&ROUNDDOWN((ROW()-1)/5,0)+2)>0,INDIRECT("'按班级打印'!ag"&ROUNDDOWN((ROW()-1)/5,0)+2),"") | M113: =INDIRECT("'按班级打印'!I"&ROUNDDOWN((ROW()-1)/5,0)+2) -> 488.5
A114: =INDIRECT("'按班级打印'!E"&ROUNDDOWN((ROW()-1)/5,0)+2) -> 物理类 | C114: 平均分 | D114: ='质量分析(总分) '!$D$55 -> 105.00061 | E114: ='质量分析(总分) '!$D$82 -> 91.524203 | F114: ='质量分析(总分) '!$D$109 -> 108.86397 | G114: =IF(_xlfn.NUMBERVALUE(G112)>0,'质量分析(总分) '!$D$133,"") -> 62.652143 | H114: =IF(_xlfn.NUMBERVALUE(H112)>0,'质量分析(总分) '!$D$157,"") -> 81.868613 | I114: =IF(_xlfn.NUMBERVALUE(I112)>0,'质量分析(总分) '!$D$180,"") -> 83.367647 | J114: =IF(_xlfn.NUMBERVALUE(J112)>0,'质量分析(总分) '!$D$208,"") | K114: =IF(_xlfn.NUMBERVALUE(K112)>0,'质量分析(总分) '!$D$194,"") | L114: =IF(_xlfn.NUMBERVALUE(L112)>0,'质量分析(总分) '!$D$222,"") | M114: =IF(_xlfn.NUMBERVALUE(G112)>0,'质量分析(总分) '!$D$23,'质量分析(总分) '!$D$28) -> 535.86929
A116: 高三上 期末考 | B116: 班级 | C116: 姓名 | D116: 语文 | E116: 数学 | F116: 英语 | G116: 物理 | H116: 化学 | I116: 生物 | J116: 政治 | K116: 历史 | L116: 地理 | M116: 总分
B117: =INDIRECT("'按班级打印'!G"&ROUNDDOWN((ROW()-1)/5,0)+2) -> 1 | C117: =INDIRECT("'按班级打印'!A"&ROUNDDOWN((ROW()-1)/5,0)+2) -> 卓胤霖 | D117: =INDIRECT("'按班级打印'!M"&ROUNDDOWN((ROW()-1)/5,0)+2) -> 105.5 | E117: =INDIRECT("'按班级打印'!o"&ROUNDDOWN((ROW()-1)/5,0)+2) -> 99.5 | F117: =INDIRECT("'按班级打印'!q"&ROUNDDOWN((ROW()-1)/5,0)+2) -> 125.5 | G117: =IF(INDIRECT("'按班级打印'!s"&ROUNDDOWN((ROW()-1)/5,0)+2)>0,INDIRECT("'按班级打印'!s"&ROUNDDOWN((ROW()-1)/5,0)+2),"") -> 68 | H117: =IF(INDIRECT("'按班级打印'!w"&ROUNDDOWN((ROW()-1)/5,0)+2)>0,INDIRECT("'按班级打印'!w"&ROUNDDOWN((ROW()-1)/5,0)+2),"") -> 65 | I117: =IF(INDIRECT("'按班级打印'!z"&ROUNDDOWN((ROW()-1)/5,0)+2)>0,INDIRECT("'按班级打印'!z"&ROUNDDOWN((ROW()-1)/5,0)+2),"") -> 73.5 | J117: =IF(INDIRECT("'按班级打印'!ac"&ROUNDDOWN((ROW()-1)/5,0)+2)>0,INDIRECT("'按班级打印'!ac"&ROUNDDOWN((ROW()-1)/5,0)+2),"") | K117: =IF(INDIRECT("'按班级打印'!u"&ROUNDDOWN((ROW()-1)/5,0)+2)>0,INDIRECT("'按班级打印'!u"&ROUNDDOWN((ROW()-1)/5,0)+2),"") | L117: =IF(INDIRECT("'按班级打印'!af"&ROUNDDOWN((ROW()-1)/5,0)+2)>0,INDIRECT("'按班级打印'!af"&ROUNDDOWN((ROW()-1)/5,0)+2),"") | M117: =INDIRECT("'按班级打印'!H"&ROUNDDOWN((ROW()-1)/5,0)+2) -> 537
C118: 赋分 | D118: =INDIRECT("'按班级打印'!M"&ROUNDDOWN((ROW()-1)/5,0)+2) -> 105.5 | E118: =INDIRECT("'按班级打印'!o"&ROUNDDOWN((ROW()-1)/5,0)+2) -> 99.5 | F118: =INDIRECT("'按班级打印'!q"&ROUNDDOWN((ROW()-1)/5,0)+2) -> 125.5 | G118: =IF(INDIRECT("'按班级打印'!s"&ROUNDDOWN((ROW()-1)/5,0)+2)>0,INDIRECT("'按班级打印'!s"&ROUNDDOWN((ROW()-1)/5,0)+2),"") -> 68 | H118: =IF(INDIRECT("'按班级打印'!x"&ROUNDDOWN((ROW()-1)/5,0)+2)>0,INDIRECT("'按班级打印'!x"&ROUNDDOWN((ROW()-1)/5,0)+2),"") -> 87 | I118: =IF(INDIRECT("'按班级打印'!aa"&ROUNDDOWN((ROW()-1)/5,0)+2)>0,INDIRECT("'按班级打印'!aa"&ROUNDDOWN((ROW()-1)/5,0)+2),"") -> 82 | J118: =IF(INDIRECT("'按班级打印'!ad"&ROUNDDOWN((ROW()-1)/5,0)+2)>0,INDIRECT("'按班级打印'!ad"&ROUNDDOWN((ROW()-1)/5,0)+2),"") | K118: =IF(INDIRECT("'按班级打印'!u"&ROUNDDOWN((ROW()-1)/5,0)+2)>0,INDIRECT("'按班级打印'!u"&ROUNDDOWN((ROW()-1)/5,0)+2),"") | L118: =IF(INDIRECT("'按班级打印'!ag"&ROUNDDOWN((ROW()-1)/5,0)+2)>0,INDIRECT("'按班级打印'!ag"&ROUNDDOWN((ROW()-1)/5,0)+2),"") | M118: =INDIRECT("'按班级打印'!I"&ROUNDDOWN((ROW()-1)/5,0)+2) -> 567.5
A119: =INDIRECT("'按班级打印'!E"&ROUNDDOWN((ROW()-1)/5,0)+2) -> 物理类 | C119: 平均分 | D119: ='质量分析(总分) '!$D$55 -> 105.00061 | E119: ='质量分析(总分) '!$D$82 -> 91.524203 | F119: ='质量分析(总分) '!$D$109 -> 108.86397 | G119: =IF(_xlfn.NUMBERVALUE(G117)>0,'质量分析(总分) '!$D$133,"") -> 62.652143 | H119: =IF(_xlfn.NUMBERVALUE(H117)>0,'质量分析(总分) '!$D$157,"") -> 81.868613 | I119: =IF(_xlfn.NUMBERVALUE(I117)>0,'质量分析(总分) '!$D$180,"") -> 83.367647 | J119: =IF(_xlfn.NUMBERVALUE(J117)>0,'质量分析(总分) '!$D$208,"") | K119: =IF(_xlfn.NUMBERVALUE(K117)>0,'质量分析(总分) '!$D$194,"") | L119: =IF(_xlfn.NUMBERVALUE(L117)>0,'质量分析(总分) '!$D$222,"") | M119: =IF(_xlfn.NUMBERVALUE(G117)>0,'质量分析(总分) '!$D$23,'质量分析(总分) '!$D$28) -> 535.86929
A121: 高三上 期末考 | B121: 班级 | C121: 姓名 | D121: 语文 | E121: 数学 | F121: 英语 | G121: 物理 | H121: 化学 | I121: 生物 | J121: 政治 | K121: 历史 | L121: 地理 | M121: 总分
B122: =INDIRECT("'按班级打印'!G"&ROUNDDOWN((ROW()-1)/5,0)+2) -> 1 | C122: =INDIRECT("'按班级打印'!A"&ROUNDDOWN((ROW()-1)/5,0)+2) -> 谢承烨 | D122: =INDIRECT("'按班级打印'!M"&ROUNDDOWN((ROW()-1)/5,0)+2) -> 108.5 | E122: =INDIRECT("'按班级打印'!o"&ROUNDDOWN((ROW()-1)/5,0)+2) -> 85.5 | F122: =INDIRECT("'按班级打印'!q"&ROUNDDOWN((ROW()-1)/5,0)+2) -> 101 | G122: =IF(INDIRECT("'按班级打印'!s"&ROUNDDOWN((ROW()-1)/5,0)+2)>0,INDIRECT("'按班级打印'!s"&ROUNDDOWN((ROW()-1)/5,0)+2),"") -> 34 | H122: =IF(INDIRECT("'按班级打印'!w"&ROUNDDOWN((ROW()-1)/5,0)+2)>0,INDIRECT("'按班级打印'!w"&ROUNDDOWN((ROW()-1)/5,0)+2),"") -> 41 | I122: =IF(INDIRECT("'按班级打印'!z"&ROUNDDOWN((ROW()-1)/5,0)+2)>0,INDIRECT("'按班级打印'!z"&ROUNDDOWN((ROW()-1)/5,0)+2),"") -> 61 | J122: =IF(INDIRECT("'按班级打印'!ac"&ROUNDDOWN((ROW()-1)/5,0)+2)>0,INDIRECT("'按班级打印'!ac"&ROUNDDOWN((ROW()-1)/5,0)+2),"") | K122: =IF(INDIRECT("'按班级打印'!u"&ROUNDDOWN((ROW()-1)/5,0)+2)>0,INDIRECT("'按班级打印'!u"&ROUNDDOWN((ROW()-1)/5,0)+2),"") | L122: =IF(INDIRECT("'按班级打印'!af"&ROUNDDOWN((ROW()-1)/5,0)+2)>0,INDIRECT("'按班级打印'!af"&ROUNDDOWN((ROW()-1)/5,0)+2),"") | M122: =INDIRECT("'按班级打印'!H"&ROUNDDOWN((ROW()-1)/5,0)+2) -> 431
C123: 赋分 | D123: =INDIRECT("'按班级打印'!M"&ROUNDDOWN((ROW()-1)/5,0)+2) -> 108.5 | E123: =INDIRECT("'按班级打印'!o"&ROUNDDOWN((ROW()-1)/5,0)+2) -> 85.5 | F123: =INDIRECT("'按班级打印'!q"&ROUNDDOWN((ROW()-1)/5,0)+2) -> 101 | G123: =IF(INDIRECT("'按班级打印'!s"&ROUNDDOWN((ROW()-1)/5,0)+2)>0,INDIRECT("'按班级打印'!s"&ROUNDDOWN((ROW()-1)/5,0)+2),"") -> 34 | H123: =IF(INDIRECT("'按班级打印'!x"&ROUNDDOWN((ROW()-1)/5,0)+2)>0,INDIRECT("'按班级打印'!x"&ROUNDDOWN((ROW()-1)/5,0)+2),"") -> 68 | I123: =IF(INDIRECT("'按班级打印'!aa"&ROUNDDOWN((ROW()-1)/5,0)+2)>0,INDIRECT("'按班级打印'!aa"&ROUNDDOWN((ROW()-1)/5,0)+2),"") -> 70 | J123: =IF(INDIRECT("'按班级打印'!ad"&ROUNDDOWN((ROW()-1)/5,0)+2)>0,INDIRECT("'按班级打印'!ad"&ROUNDDOWN((ROW()-1)/5,0)+2),"") | K123: =IF(INDIRECT("'按班级打印'!u"&ROUNDDOWN((ROW()-1)/5,0)+2)>0,INDIRECT("'按班级打印'!u"&ROUNDDOWN((ROW()-1)/5,0)+2),"") | L123: =IF(INDIRECT("'按班级打印'!ag"&ROUNDDOWN((ROW()-1)/5,0)+2)>0,INDIRECT("'按班级打印'!ag"&ROUNDDOWN((ROW()-1)/5,0)+2),"") | M123: =INDIRECT("'按班级打印'!I"&ROUNDDOWN((ROW()-1)/5,0)+2) -> 467
A124: =INDIRECT("'按班级打印'!E"&ROUNDDOWN((ROW()-1)/5,0)+2) -> 物理类 | C124: 平均分 | D124: ='质量分析(总分) '!$D$55 -> 105.00061 | E124: ='质量分析(总分) '!$D$82 -> 91.524203 | F124: ='质量分析(总分) '!$D$109 -> 108.86397 | G124: =IF(_xlfn.NUMBERVALUE(G122)>0,'质量分析(总分) '!$D$133,"") -> 62.652143 | H124: =IF(_xlfn.NUMBERVALUE(H122)>0,'质量分析(总分) '!$D$157,"") -> 81.868613 | I124: =IF(_xlfn.NUMBERVALUE(I122)>0,'质量分析(总分) '!$D$180,"") -> 83.367647 | J124: =IF(_xlfn.NUMBERVALUE(J122)>0,'质量分析(总分) '!$D$208,"") | K124: =IF(_xlfn.NUMBERVALUE(K122)>0,'质量分析(总分) '!$D$194,"") | L124: =IF(_xlfn.NUMBERVALUE(L122)>0,'质量分析(总分) '!$D$222,"") | M124: =IF(_xlfn.NUMBERVALUE(G122)>0,'质量分析(总分) '!$D$23,'质量分析(总分) '!$D$28) -> 535.86929
...

Sheet 按班级打印
A1: 姓名 | B1: 考号 | C1: 学号 | D1: 学籍校 | E1: 科类 | F1: 备注 | G1: 班级 | H1: 总分 | I1: 赋分总分 | J1: 赋分总分排名 | K1: 进退步 | L1: 联考排名 | M1: 语文 | N1: 语文排名 | O1: 数学 | P1: 数学排名 | Q1: 英语 | R1: 英语排名 | S1: 物理 | T1: 物理排名 | U1: 历史 | V1: 历史排名 | W1: 化学 | X1: 化学赋分 | Y1: 化学排名 | Z1: 生物 | AA1: 生物赋分 | AB1: 生物排名 | AC1: 政治 | AD1: 政治赋分 | AE1: 政治排名 | AF1: 地理 | AG1: 地理赋分 | AH1: 地理排名 | AI1: 选科 | AJ1: 座号 | AK1: 化学教学班名称 | AL1: 生物教学班名称 | AM1: 政治教学班名称 | AN1: 地理教学班名称 | AO1: 上月考1排名 | AP1: 上月考2排名 | AQ1: 上月考4排名 | AR1: 上月考5排名 | AS1: 上半期考排名 | AT1: 上期末考排名
A2: 郑智文 | B2: 1315230101 | C2: 32370010005 | D2: 一中 | E2: 物理类 | G2: 1 | H2: 475 | I2: 509.5 | J2: 496 | K2: -55 | L2: 2947 | M2: 105 | N2: 406 | O2: 70 | P2: 713 | Q2: 119 | R2: 212 | S2: 66.5 | T2: 292 | W2: 50.5 | X2: 76 | Y2: 516 | Z2: 64 | AA2: 73 | AB2: 417 | AI2: 物化生 | AJ2: 1 | AO2: 433 | AP2: 416 | AQ2: 437 | AR2: 441 | AS2: 192 | AT2: 496
A3: 林慧 | B3: 1315230102 | C3: 32370010014 | D3: 一中 | E3: 物理类 | G3: 1 | H3: 485.5 | I3: 517 | J3: 468 | K3: 161 | L3: 2630 | M3: 89 | N3: 785 | O3: 114 | P3: 69 | Q3: 87 | R3: 746 | S3: 60 | T3: 413 | W3: 62 | X3: 85 | Y3: 312 | Z3: 73.5 | AA3: 82 | AB3: 273 | AI3: 物化生 | AJ3: 2 | AO3: 574 | AP3: 561 | AQ3: 522 | AR3: 629 | AS3: 502 | AT3: 468
A4: 钟林斌 | B4: 1315230103 | C4: 32370010018 | D4: 一中 | E4: 物理类 | G4: 1 | H4: 537 | I4: 566 | J4: 204 | K4: -81 | L4: 1002 | M4: 100.5 | N4: 584 | O4: 108.5 | P4: 110 | Q4: 116.5 | R4: 274 | S4: 61.5 | T4: 381 | W4: 65.5 | X4: 87 | Y4: 239 | Z4: 84.5 | AA4: 92 | AB4: 66 | AI4: 物化生 | AJ4: 3 | AO4: 144 | AP4: 197 | AQ4: 199 | AR4: 123 | AS4: 171 | AT4: 204
A5: 占谨豪 | B5: 1315230104 | C5: 32370010057 | D5: 一中 | E5: 物理类 | G5: 1 | H5: 450 | I5: 485 | J5: 577 | K5: 8 | L5: 4141 | M5: 105 | N5: 406 | O5: 78.5 | P5: 643 | Q5: 85.5 | R5: 755 | S5: 62 | T5: 373 | W5: 50 | X5: 76 | Y5: 523 | Z5: 69 | AA5: 78 | AB5: 354 | AI5: 物化生 | AJ5: 4 | AO5: 600 | AP5: 413 | AQ5: 220 | AR5: 585 | AS5: 382 | AT5: 577
A6: 雷雯颖 | B6: 1315230105 | C6: 32370010102 | D6: 一中 | E6: 物理类 | G6: 1 | H6: 495 | I6: 527.5 | J6: 404 | K6: 81 | L6: 2205 | M6: 102 | N6: 529 | O6: 79.5 | P6: 631 | Q6: 111.5 | R6: 371 | S6: 67.5 | T6: 275 | W6: 56 | X6: 80 | Y6: 426 | Z6: 78.5 | AA6: 87 | AB6: 181 | AI6: 物化生 | AJ6: 5 | AO6: 421 | AP6: 478 | AQ6: 569 | AR6: 485 | AS6: 491 | AT6: 404
A7: 陈静怡 | B7: 1315230106 | C7: 32370010119 | D7: 一中 | E7: 物理类 | G7: 1 | H7: 531 | I7: 562 | J7: 230 | K7: 147 | L7: 1113 | M7: 101.5 | N7: 544 | O7: 96.5 | P7: 342 | Q7: 113 | R7: 337 | S7: 77 | T7: 124 | W7: 65 | X7: 87 | Y7: 248 | Z7: 78 | AA7: 87 | AB7: 195 | AI7: 物化生 | AJ7: 6 | AO7: 394 | AP7: 342 | AQ7: 317 | AR7: 377 | AS7: 431 | AT7: 230
A8: 吴冠轩 | B8: 1315230107 | C8: 32370010130 | D8: 一中 | E8: 物理类 | G8: 1 | H8: 546.5 | I8: 574.5 | J8: 158 | K8: 16 | L8: 795 | M8: 106 | N8: 361 | O8: 107 | P8: 142 | Q8: 107.5 | R8: 463 | S8: 78 | T8: 109 | W8: 69.5 | X8: 89 | Y8: 165 | Z8: 78.5 | AA8: 87 | AB8: 181 | AI8: 物化生 | AJ8: 7 | AO8: 271 | AP8: 262 | AQ8: 281 | AR8: 174 | AS8: 375 | AT8: 158
A9: 刘畅 | B9: 1315230108 | C9: 32370010148 | D9: 一中 | E9: 物理类 | G9: 1 | H9: 575.5 | I9: 596 | J9: 100 | K9: -26 | L9: 416 | M9: 107 | N9: 325 | O9: 112.5 | P9: 84 | Q9: 123 | R9: 123 | S9: 70.5 | T9: 217 | W9: 80 | X9: 93 | Y9: 40 | Z9: 82.5 | AA9: 90 | AB9: 99 | AI9: 物化生 | AJ9: 8 | AO9: 49 | AP9: 79 | AQ9: 72 | AR9: 74 | AS9: 47 | AT9: 100
A10: 吴宇豪 | B10: 1315230109 | C10: 32370010198 | D10: 一中 | E10: 物理类 | G10: 1 | H10: 523 | I10: 553.5 | J10: 270 | K10: 27 | L10: 1349 | M10: 111 | N10: 172 | O10: 104 | P10: 193 | Q10: 104 | R10: 541 | S10: 63.5 | T10: 342 | W10: 65 | X10: 87 | Y10: 248 | Z10: 75.5 | AA10: 84 | AB10: 235 | AI10: 物化生 | AJ10: 9 | AO10: 227 | AP10: 356 | AQ10: 269 | AR10: 297 | AS10: 283 | AT10: 270
A11: 林津如 | B11: 1315230110 | C11: 32370010204 | D11: 一中 | E11: 物理类 | G11: 1 | H11: 528.5 | I11: 553 | J11: 274 | K11: 203 | L11: 1371 | M11: 114.5 | N11: 74 | O11: 89.5 | P11: 463 | Q11: 111 | R11: 385 | S11: 60 | T11: 413 | W11: 76 | X11: 91 | Y11: 71 | Z11: 77.5 | AA11: 87 | AB11: 204 | AI11: 物化生 | AJ11: 10 | AO11: 325 | AP11: 492 | AQ11: 374 | AR11: 477 | AS11: 325 | AT11: 274
A12: 范佳馨 | B12: 1315230111 | C12: 32370010212 | D12: 一中 | E12: 物理类 | G12: 1 | H12: 552.25 | I12: 580.5 | J12: 139 | K12: 50 | L12: 663 | M12: 118.5 | N12: 28 | O12: 104 | P12: 193 | Q12: 121 | R12: 168 | S12: 60 | T12: 413 | W12: 69.5 | X12: 89 | Y12: 165 | Z12: 79.25 | AA12: 88 | AB12: 170 | AI12: 物化生 | AJ12: 11 | AO12: 309 | AP12: 118 | AQ12: 199 | AR12: 189 | AS12: 346 | AT12: 139
A13: 林铭昊 | B13: 1315230112 | C13: 32370010236 | D13: 一中 | E13: 物理类 | G13: 1 | H13: 542 | I13: 571 | J13: 179 | K13: 215 | L13: 869 | M13: 93.5 | N13: 754 | O13: 113.5 | P13: 77 | Q13: 107 | R13: 474 | S13: 81 | T13: 76 | W13: 68 | X13: 88 | Y13: 197 | Z13: 79 | AA13: 88 | AB13: 171 | AI13: 物化生 | AJ13: 12 | AO13: 437 | AP13: 368 | AQ13: 422 | AR13: 394 | AS13: 346 | AT13: 179
... A21: 阮奕杰 | B21: 1315230120 | C21: 32370010428 | D21: 一中 | E21: 物理类 | G21: 1 | H21: 526.5 | I21: 558 | J21: 249 | K21: -79 | L21: 1224 | M21: 109 | N21: 245 | O21: 104 | P21: 193 | Q21: 112.5 | R21: 350 | S21: 65.5 | T21: 311 | W21: 63 | X21: 86 | Y21: 297 | Z21: 72.5 | AA21: 81 | AB21: 289 | AI21: 物化生 | AJ21: 20 | AO21: 241 | AP21: 181 | AQ21: 140 | AR21: 170 | AS21: 206 | AT21: 249
A22: 詹文杰 | B22: 1315230121 | C22: 32370010429 | D22: 一中 | E22: 物理类 | G22: 1 | H22: 533 | I22: 565.5 | J22: 209 | K22: -26 | L22: 1019 | M22: 105 | N22: 406 | O22: 108.5 | P22: 110 | Q22: 121.5 | R22: 152 | S22: 61.5 | T22: 381 | W22: 60 | X22: 83 | Y22: 352 | Z22: 76.5 | AA22: 86 | AB22: 222 | AI22: 物化生 | AJ22: 21 | AP22: 185 | AQ22: 95 | AR22: 183 | AS22: 88 | AT22: 209
A23: 毕禾 | B23: 1315230122 | C23: 32370010457 | D23: 一中 | E23: 物理类 | G23: 1 | H23: 500.5 | I23: 534 | J23: 372 | K23: -125 | L23: 1978 | M23: 102.5 | N23: 511 | O23: 107 | P23: 142 | Q23: 115 | R23: 294 | S23: 53.5 | T23: 510 | W23: 58 | X23: 82 | Y23: 385 | Z23: 64.5 | AA23: 74 | AB23: 415 | AI23: 物化生 | AJ23: 22 | AO23: 440 | AP23: 339 | AQ23: 480 | AR23: 247 | AS23: 494 | AT23: 372
A24: 林开馨 | B24: 1315230123 | C24: 32370010470 | D24: 一中 | E24: 物理类 | G24: 1 | H24: 453.5 | I24: 488.5 | J24: 569 | K24: -37 | L24: 3946 | M24: 100.5 | N24: 584 | O24: 99 | P24: 285 | Q24: 94 | R24: 687 | S24: 33 | T24: 667 | W24: 49 | X24: 75 | Y24: 534 | Z24: 78 | AA24: 87 | AB24: 195 | AI24: 物化生 | AJ24: 23 | AO24: 494 | AP24: 555 | AQ24: 549 | AR24: 532 | AS24: 566 | AT24: 569
A25: 卓胤霖 | B25: 1315230124 | C25: 32370010510 | D25: 一中 | E25: 物理类 | G25: 1 | H25: 537 | I25: 567.5 | J25: 196 | K25: 144 | L25: 961 | M25: 105.5 | N25: 382 | O25: 99.5 | P25: 270 | Q25: 125.5 | R25: 89 | S25: 68 | T25: 269 | W25: 65 | X25: 87 | Y25: 248 | Z25: 73.5 | AA25: 82 | AB25: 273 | AI25: 物化生 | AJ25: 24 | AO25: 202 | AP25: 272 | AQ25: 127 | AR25: 340 | AS25: 181 | AT25: 196
A26: 谢承烨 | B26: 1315230125 | C26: 32370010534 | D26: 一中 | E26: 物理类 | G26: 1 | H26: 431 | I26: 467 | J26: 627 | K26: 17 | L26: 5164 | M26: 108.5 | N26: 258 | O26: 85.5 | P26: 530 | Q26: 101 | R26: 592 | S26: 34 | T26: 665 | W26: 41 | X26: 68 | Y26: 615 | Z26: 61 | AA26: 70 | AB26: 436 | AI26: 物化生 | AJ26: 25 | AO26: 550 | AP26: 668 | AQ26: 637 | AR26: 644 | AS26: 659 | AT26: 627
A27: 郭仕涛 | B27: 1315230126 | C27: 32370010546 | D27: 一中 | E27: 物理类 | G27: 1 | H27: 485.5 | I27: 519 | J27: 450 | K27: -4 | L27: 2538 | M27: 97.5 | N27: 678 | O27: 79.5 | P27: 631 | Q27: 112 | R27: 360 | S27: 71 | T27: 205 | W27: 57.5 | X27: 82 | Y27: 393 | Z27: 68 | AA27: 77 | AB27: 372 | AI27: 物化生 | AJ27: 26 | AO27: 403 | AP27: 681 | AQ27: 456 | AR27: 446 | AS27: 522 | AT27: 450
A28: 刘文鼎 | B28: 1315230127 | C28: 32370010595 | D28: 一中 | E28: 物理类 | G28: 1 | H28: 535 | I28: 565.5 | J28: 209 | K28: 14 | L28: 1019 | M28: 98.5 | N28: 653 | O28: 106 | P28: 160 | Q28: 108 | R28: 453 | S28: 80 | T28: 85 | W28: 65.5 | X28: 87 | Y28: 239 | Z28: 77 | AA28: 86 | AB28: 212 | AI28: 物化生 | AJ28: 27 | AO28: 250 | AP28: 382 | AQ28: 190 | AR28: 223 | AS28: 401 | AT28: 209
A29: 吴钰婷 | B29: 1315230128 | C29: 32370010600 | D29: 一中 | E29: 物理类 | G29: 1 | H29: 563.5 | I29: 589.5 | J29: 113 | K29: 13 | L29: 499 | M29: 108.5 | N29: 258 | O29: 114 | P29: 69 | Q29: 113.5 | R29: 327 | S29: 75.5 | T29: 151 | W29: 71 | X29: 89 | Y29: 149 | Z29: 81 | AA29: 89 | AB29: 132 | AI29: 物化生 | AJ29: 28 | AO29: 37 | AP29: 72 | AQ29: 131 | AR29: 126 | AS29: 121 | AT29: 113
A30: 沈芝含 | B30: 1315230129 | C30: 32370010624 | D30: 一中 | E30: 物理类 | G30: 1 | H30: 547 | I30: 574.5 | J30: 158 | K30: -32 | L30: 795 | M30: 113 | N30: 112 | O30: 107 | P30: 142 | Q30: 119.5 | R30: 200 | S30: 57 | T30: 462 | W30: 70 | X30: 89 | Y30: 159 | Z30: 80.5 | AA30: 89 | AB30: 144 | AI30: 物化生 | AJ30: 29 | AO30: 171 | AP30: 181 | AQ30: 79 | AR30: 126 | AS30: 52 | AT30: 158
A31: 陈林榕 | B31: 1315230130 | C31: 32370010628 | D31: 一中 | E31: 物理类 | G31: 1 | H31: 573.5 | I31: 591.5 | J31: 109 | K31: -58 | L31: 466 | M31: 107.5 | N31: 300 | O31: 101.5 | P31: 235 | Q31: 121.5 | R31: 152 | S31: 73 | T31: 181 | W31: 82 | X31: 94 | Y31: 29 | Z31: 88 | AA31: 94 | AB31: 28 | AI31: 物化生 | AJ31: 30 | AO31: 55 | AP31: 88 | AQ31: 111 | AR31: 51 | AS31: 80 | AT31: 109
A32: 叶柏坤 | B32: 1315230131 | C32: 32370010641 | D32: 一中 | E32: 物理类 | G32: 1 | H32: 496.75 | I32: 531.25 | J32: 384 | K32: 28 | L32: 2081 | M32: 113 | N32: 112 | O32: 107.5 | P32: 129 | Q32: 90 | R32: 728 | S32: 66.75 | T32: 291 | W32: 55 | X32: 80 | Y32: 444 | Z32: 64.5 | AA32: 74 | AB32: 415 | AI32: 物化生 | AJ32: 31 | AO32: 534 | AP32: 496 | AQ32: 528 | AR32: 412 | AS32: 502 | AT32: 384
A33: 林至勤 | B33: 1315230132 | C33: 32370010658 | D33: 一中 | E33: 物理类 | G33: 1 | H33: 534 | I33: 563 | J33: 223 | K33: 44 | L33: 1086 | M33: 106.5 | N33: 346 | O33: 104 | P33: 193 | Q33: 111 | R33: 385 | S33: 74.5 | T33: 159 | W33: 69 | X33: 89 | Y33: 170 | Z33: 69 | AA33: 78 | AB33: 354 | AI33: 物化生 | AJ33: 32 | AO33: 127 | AP33: 216 | AQ33: 196 | AR33: 267 | AS33: 195 | AT33: 223
A34: 赖妍君 | B34: 1315230133 | C34: 32370010684 | D34: 一中 | E34: 物理类 | G34: 1 | H34: 401.5 | I34: 438.5 | J34: 666 | K34: -23 | L34: 6854 | M34: 101 | N34: 561 | O34: 71 | P34: 704 | Q34: 95.5 | R34: 672 | S34: 31 | T34: 672 | W34: 40.5 | X34: 68 | Y34: 619 | Z34: 62.5 | AA34: 72 | AB34: 429 | AI34: 物化生 | AJ34: 33 | AO34: 651 | AP34: 654 | AQ34: 666 | AR34: 643 | AS34: 673 | AT34: 666
... A64: 阮禹诚 | B64: 1315230216 | C64: 32370010251 | D64: 一中 | E64: 物理类 | G64: 2 | H64: 486.5 | I64: 519 | J64: 450 | K64: -115 | L64: 2538 | M64: 107.5 | N64: 300 | O64: 82 | P64: 597 | Q64: 101.5 | R64: 583 | S64: 61 | T64: 396 | W64: 56 | X64: 80 | Y64: 426 | Z64: 78.5 | AA64: 87 | AB64: 181 | AI64: 物化生 | AJ64: 16 | AO64: 377 | AP64: 458 | AQ64: 429 | AR64: 335 | AS64: 272 | AT64: 450
A65: 林晓轩 | B65: 1315230217 | C65: 32370010289 | D65: 一中 | E65: 物理类 | G65: 2 | H65: 459 | I65: 493.5 | J65: 549 | L65: 3686 | M65: 101 | N65: 561 | O65: 84.5 | P65: 553 | Q65: 99 | R65: 617 | S65: 58 | T65: 447 | W65: 53.5 | X65: 79 | Y65: 471 | Z65: 63 | AA65: 72 | AB65: 423 | AI65: 物化生 | AJ65: 17 | AO65: 534 | AP65: 468 | AQ65: 596 | AS65: 464 | AT65: 549
A66: 刘兆彬 | B66: 1315230218 | C66: 32370010304 | D66: 一中 | E66: 物理类 | G66: 2 | H66: 527 | I66: 554.5 | J66: 266 | K66: 43 | L66: 1319 | M66: 100.5 | N66: 584 | O66: 98.5 | P66: 298 | Q66: 122.5 | R66: 130 | S66: 66 | T66: 301 | W66: 71 | X66: 89 | Y66: 149 | Z66: 68.5 | AA66: 78 | AB66: 366 | AI66: 物化生 | AJ66: 18 | AO66: 328 | AP66: 174 | AQ66: 215 | AR66: 309 | AS66: 257 | AT66: 266
A67: 林兰珂 | B67: 1315230220 | C67: 32370010369 | D67: 一中 | E67: 物理类 | G67: 2 | H67: 486 | I67: 519.5 | J67: 447 | K67: 99 | L67: 2508 | M67: 90 | N67: 781 | O67: 100.5 | P67: 253 | Q67: 97.5 | R67: 652 | S67: 69.5 | T67: 241 | W67: 55 | X67: 80 | Y67: 444 | Z67: 73.5 | AA67: 82 | AB67: 273 | AI67: 物化生 | AJ67: 20 | AO67: 544 | AP67: 394 | AQ67: 328 | AR67: 546 | AS67: 471 | AT67: 447
A68: 薛欧祺 | B68: 1315230221 | C68: 32370010373 | D68: 一中 | E68: 物理类 | G68: 2 | H68: 552.5 | I68: 577 | J68: 149 | K68: -44 | L68: 737 | M68: 111.5 | N68: 155 | O68: 92 | P68: 419 | Q68: 120.5 | R68: 180 | S68: 76 | T68: 142 | W68: 76.5 | X68: 92 | Y68: 66 | Z68: 76 | AA68: 85 | AB68: 231 | AI68: 物化生 | AJ68: 21 | AO68: 190 | AP68: 85 | AQ68: 228 | AR68: 105 | AS68: 229 | AT68: 149
A69: 张越翔 | B69: 1315230222 | C69: 32370010376 | D69: 一中 | E69: 物理类 | G69: 2 | H69: 488 | I69: 516.5 | J69: 472 | K69: -60 | L69: 2654 | M69: 100.5 | N69: 584 | O69: 75 | P69: 675 | Q69: 99 | R69: 617 | S69: 70 | T69: 226 | W69: 68.5 | X69: 88 | Y69: 182 | Z69: 75 | AA69: 84 | AB69: 248 | AI69: 物化生 | AJ69: 22 | AO69: 376 | AP69: 280 | AQ69: 325 | AR69: 412 | AS69: 375 | AT69: 472
A70: 张耘通 | B70: 1315230223 | C70: 32370010389 | D70: 一中 | E70: 物理类 | G70: 2 | H70: 481.5 | I70: 512.5 | J70: 485 | K70: -163 | L70: 2818 | M70: 94.5 | N70: 745 | O70: 91 | P70: 436 | Q70: 96 | R70: 667 | S70: 56 | T70: 473 | W70: 62 | X70: 85 | Y70: 312 | Z70: 82 | AA70: 90 | AB70: 111 | AI70: 物化生 | AJ70: 23 | AO70: 281 | AP70: 160 | AQ70: 354 | AR70: 322 | AS70: 418 | AT70: 485
A71: 王子浩 | B71: 1315230224 | C71: 32370010391 | D71: 一中 | E71: 物理类 | G71: 2 | H71: 492 | I71: 521 | J71: 439 | K71: -126 | L71: 2454 | M71: 105 | N71: 406 | O71: 85 | P71: 541 | Q71: 101 | R71: 592 | S71: 54 | T71: 503 | W71: 68 | X71: 88 | Y71: 197 | Z71: 79 | AA71: 88 | AB71: 171 | AI71: 物化生 | AJ71: 24 | AO71: 382 | AP71: 447 | AQ71: 260 | AR71: 313 | AS71: 466 | AT71: 439
A72: 苏芝宁 | B72: 1315230225 | C72: 32370010423 | D72: 一中 | E72: 物理类 | G72: 2 | H72: 481 | I72: 515.5 | J72: 475 | K72: 130 | L72: 2696 | M72: 108.5 | N72: 258 | O72: 88.5 | P72: 481 | Q72: 101.5 | R72: 583 | S72: 56 | T72: 473 | W72: 53.5 | X72: 79 | Y72: 471 | Z72: 73 | AA72: 82 | AB72: 281 | AI72: 物化生 | AJ72: 25 | AO72: 473 | AP72: 588 | AQ72: 647 | AR72: 605 | AS72: 445 | AT72: 475
A73: 刘晏祯 | B73: 1315230226 | C73: 32370010465 | D73: 一中 | E73: 物理类 | G73: 2 | H73: 487 | I73: 519.5 | J73: 447 | K73: 80 | L73: 2508 | M73: 107 | N73: 325 | O73: 95.5 | P73: 357 | Q73: 115.5 | R73: 288 | S73: 49.5 | T73: 556 | W73: 60 | X73: 83 | Y73: 352 | Z73: 59.5 | AA73: 69 | AB73: 444 | AI73: 物化生 | AJ73: 26 | AO73: 524 | AP73: 584 | AQ73: 470 | AR73: 527 | AS73: 545 | AT73: 447
A74: 陈奕斌 | B74: 1315230227 | C74: 32370010484 | D74: 一中 | E74: 物理类 | G74: 2 | H74: 454 | I74: 487 | J74: 571 | K74: -192 | L74: 4023 | M74: 102.5 | N74: 511 | O74: 81 | P74: 615 | Q74: 98.5 | R74: 627 | S74: 42 | T74: 623 | W74: 60.5 | X74: 84 | Y74: 341 | Z74: 69.5 | AA74: 79 | AB74: 346 | AI74: 物化生 | AJ74: 27 | AO74: 512 | AP74: 568 | AQ74: 561 | AR74: 379 | AS74: 445 | AT74: 571
A75: 李增炜 | B75: 1315230228 | C75: 32370010539 | D75: 一中 | E75: 物理类 | G75: 2 | H75: 506.5 | I75: 537.5 | J75: 357 | K75: 45 | L75: 1868 | M75: 114 | N75: 84 | O75: 84 | P75: 568 | Q75: 114 | R75: 313 | S75: 62.5 | T75: 362 | W75: 65 | X75: 87 | Y75: 248 | Z75: 67 | AA75: 76 | AB75: 392 | AI75: 物化生 | AJ75: 28 | AO75: 373 | AP75: 281 | AQ75: 302 | AR75: 402 | AS75: 276 | AT75: 357
A76: 薛皓仁 | B76: 1315230229 | C76: 32370010556 | D76: 一中 | E76: 物理类 | G76: 2 | H76: 511.5 | I76: 545 | J76: 314 | K76: -1 | L76: 1605 | M76: 105.5 | N76: 382 | O76: 105 | P76: 178 | Q76: 113.5 | R76: 327 | S76: 70 | T76: 226 | W76: 58 | X76: 82 | Y76: 385 | Z76: 59.5 | AA76: 69 | AB76: 444 | AI76: 物化生 | AJ76: 29 | AO76: 437 | AP76: 251 | AR76: 313 | AS76: 318 | AT76: 314
A77: 郑囿希 | B77: 1315230230 | C77: 32370010574 | D77: 一中 | E77: 物理类 | G77: 2 | H77: 575.5 | I77: 591 | J77: 111 | K77: -30 | L77: 472 | M77: 106 | N77: 361 | O77: 101.5 | P77: 235 | Q77: 121 | R77: 168 | S77: 73.5 | T77: 172 | W77: 86.5 | X77: 96 | Y77: 7 | Z77: 87 | AA77: 93 | AB77: 34 | AI77: 物化生 | AJ77: 30 | AO77: 139 | AP77: 195 | AQ77: 107 | AR77: 81 | AS77: 93 | AT77: 111
A78: 吴坛俪 | B78: 1315230231 | C78: 32370010582 | D78: 一中 | E78: 物理类 | G78: 2 | H78: 514.75 | I78: 547.5 | J78: 294 | K78: 151 | L78: 1517 | M78: 104 | N78: 450 | O78: 104 | P78: 193 | Q78: 108.5 | R78: 443 | S78: 71 | T78: 205 | W78: 58.5 | X78: 82 | Y78: 372 | Z78: 68.75 | AA78: 78 | AB78: 365 | AI78: 物化生 | AJ78: 31 | AO78: 562 | AP78: 422 | AQ78: 380 | AR78: 445 | AS78: 356 | AT78: 294
A79: 沈子坤 | B79: 1315230232 | C79: 32370010638 | D79: 一中 | E79: 物理类 | G79: 2 | H79: 559.5 | I79: 582 | J79: 133 | K79: -16 | L79: 638 | M79: 101.5 | N79: 544 | O79: 107.5 | P79: 129 | Q79: 123 | R79: 123 | S79: 66 | T79: 301 | W79: 74.5 | X79: 91 | Y79: 102 | Z79: 87 | AA79: 93 | AB79: 34 | AI79: 物化生 | AJ79: 32 | AO79: 62 | AP79: 184 | AQ79: 208 | AR79: 117 | AS79: 136 | AT79: 133
A80: 张芯瑜 | B80: 1315230233 | C80: 32370010654 | D80: 一中 | E80: 物理类 | G80: 2 | H80: 492 | I80: 524.5 | J80: 420 | K80: -208 | L80: 2320 | M80: 106.5 | N80: 346 | O80: 86.5 | P80: 515 | Q80: 112 | R80: 360 | S80: 50.5 | T80: 542 | W80: 55.5 | X80: 80 | Y80: 435 | Z80: 81 | AA80: 89 | AB80: 132 | AI80: 物化生 | AJ80: 33 | AO80: 221 | AP80: 268 | AQ80: 358 | AR80: 212 | AS80: 397 | AT80: 420
A81: 雷耀翔 | B81: 1315230235 | C81: 32370010664 | D81: 一中 | E81: 物理类 | G81: 2 | H81: 435.5 | I81: 471 | J81: 619 | K81: -12 | L81: 4907 | M81: 107 | N81: 325 | O81: 80 | P81: 626 | Q81: 103.5 | R81: 551 | S81: 37.5 | T81: 651 | W81: 48.5 | X81: 75 | Y81: 543 | Z81: 59 | AA81: 68 | AB81: 447 | AI81: 物化生 | AJ81: 35 | AO81: 587 | AP81: 483 | AQ81: 541 | AR81: 607 | AS81: 531 | AT81: 619
A82: 许芳菲 | B82: 1315230236 | C82: 32370010686 | D82: 一中 | E82: 物理类 | G82: 2 | H82: 510.5 | I82: 544.5 | J82: 320 | K82: 118 | L82: 1623 | M82: 113 | N82: 112 | O82: 90.5 | P82: 445 | Q82: 130 | R82: 40 | S82: 46 | T82: 597 | W82: 52.5 | X82: 78 | Y82: 488 | Z82: 78.5 | AA82: 87 | AB82: 181 | AI82: 物化生 | AJ82: 36 | AO82: 459 | AP82: 496 | AQ82: 394 | AR82: 438 | AS82: 397 | AT82: 320
A83: 李祉和 | B83: 1315230237 | C83: 32370010702 | D83: 一中 | E83: 物理类 | G83: 2 | H83: 496.5 | I83: 529.5 | J83: 391 | K83: -150 | L83: 2136 | M83: 104 | N83: 450 | O83: 84 | P83: 568 | Q83: 116.5 | R83: 274 | S83: 61 | T83: 396 | W83: 61.5 | X83: 85 | Y83: 322 | Z83: 69.5 | AA83: 79 | AB83: 346 | AI83: 物化生 | AJ83: 37 | AP83: 312 | AQ83: 191 | AR83: 241 | AS83: 288 | AT83: 391
A84: 刘若琳 | B84: 1315230238 | C84: 32370010705 | D84: 一中 | E84: 物理类 | G84: 2 | H84: 469.5 | I84: 505.5 | J84: 516 | K84: -237 | L84: 3125 | M84: 109.5 | N84: 226 | O84: 89 | P84: 470 | Q84: 108 | R84: 453 | S84: 50 | T84: 551 | W84: 47.5 | X84: 74 | Y84: 549 | Z84: 65.5 | AA84: 75 | AB84: 408 | AI84: 物化生 | AJ84: 38 | AO84: 490 | AP84: 424 | AQ84: 487 | AR84: 279 | AS84: 542 | AT84: 516
A85: 叶思彤 | B85: 1315230239 | C85: 32370010709 | D85: 一中 | E85: 物理类 | G85: 2 | H85: 526 | I85: 555.5 | J85: 259 | K85: 38 | L85: 1286 | M85: 105.5 | N85: 382 | O85: 108.5 | P85: 110 | Q85: 107.5 | R85: 463 | S85: 59 | T85: 430 | W85: 65.5 | X85: 87 | Y85: 239 | Z85: 80 | AA85: 88 | AB85: 152 | AI85: 物化生 | AJ85: 39 | AO85: 221 | AP85: 254 | AQ85: 157 | AR85: 297 | AS85: 320 | AT85: 259
A86: 王慧均 | B86: 1315230240 | C86: 32370010713 | D86: 一中 | E86: 物理类 | G86: 2 | H86: 489 | I86: 523 | J86: 426 | K86: 77 | L86: 2371 | M86: 113 | N86: 112 | O86: 85 | P86: 541 | Q86: 107.5 | R86: 463 | S86: 61.5 | T86: 381 | W86: 54.5 | X86: 79 | Y86: 455 | Z86: 67.5 | AA86: 77 | AB86: 383 | AI86: 物化生 | AJ86: 40 | AO86: 613 | AP86: 610 | AQ86: 654 | AR86: 503 | AS86: 541 | AT86: 426
A87: 刘思言 | B87: 1315230241 | C87: 32370010740 | D87: 一中 | E87: 物理类 | G87: 2 | H87: 480 | I87: 514 | J87: 482 | K87: -119 | L87: 2754 | M87: 103 | N87: 487 | O87: 86 | P87: 522 | Q87: 113 | R87: 337 | S87: 59 | T87: 430 | W87: 57.5 | X87: 82 | Y87: 393 | Z87: 61.5 | AA87: 71 | AB87: 432 | AI87: 物化生 | AJ87: 41 | AO87: 555 | AP87: 565 | AQ87: 577 | AR87: 363 | AS87: 506 | AT87: 482
A88: 郑艺鑫 | B88: 1315230242 | C88: 32370019005H | D88: 一中中美 | E88: 物理类 | G88: 2 | H88: 477 | I88: 511.5 | J88: 489 | K88: 94 | L88: 2857 | M88: 107.5 | N88: 300 | O88: 89.5 | P88: 463 | Q88: 105 | R88: 523 | S88: 54.5 | T88: 498 | W88: 51.5 | X88: 77 | Y88: 504 | Z88: 69 | AA88: 78 | AB88: 354 | AI88: 物化生 | AJ88: 42 | AO88: 576 | AP88: 522 | AQ88: 499 | AR88: 583 | AS88: 522 | AT88: 489
A89: 郭俊余 | B89: 1315230243 | C89: 32370019007H | D89: 一中中美 | E89: 物理类 | G89: 2 | H89: 436 | I89: 473 | J89: 615 | K89: 32 | L89: 4796 | M89: 100 | N89: 605 | O89: 75 | P89: 675 | Q89: 98.5 | R89: 627 | S89: 49.5 | T89: 556 | W89: 44.5 | X89: 72 | Y89: 585 | Z89: 68.5 | AA89: 78 | AB89: 366 | AI89: 物化生 | AJ89: 43 | AO89: 647 | AP89: 592 | AQ89: 583 | AR89: 647 | AS89: 610 | AT89: 615
A90: 林芯瑶 | B90: 7035230244 | C90: 32370019028H | D90: 7009扆山 | E90: 物理类 | F90: 扆山 | G90: 2 | H90: 383 | I90: 424 | J90: 675 | K90: -4 | L90: 7506 | M90: 95 | N90: 730 | O90: 75 | P90: 675 | Q90: 86 | R90: 754 | S90: 40 | T90: 637 | W90: 45 | X90: 72 | Y90: 578 | Z90: 42 | AA90: 56 | AB90: 466 | AI90: 物化生 | AJ90: 44 | AO90: 671 | AP90: 691 | AQ90: 669 | AR90: 671 | AT90: 675
A91: 叶恒 | B91: 1315230245 | C91: 32370019047H | D91: 一中中美 | E91: 物理类 | G91: 2 | H91: 470.5 | I91: 504.5 | J91: 519 | K91: -140 | L91: 3169 | M91: 105 | N91: 406 | O91: 82 | P91: 597 | Q91: 104 | R91: 541 | S91: 55.5 | T91: 487 | W91: 54.5 | X91: 79 | Y91: 455 | Z91: 69.5 | AA91: 79 | AB91: 346 | AI91: 物化生 | AJ91: 45 | AO91: 467 | AP91: 377 | AQ91: 297 | AR91: 379 | AS91: 215 | AT91: 519
A92: 林宏杰 | B92: 1315230246 | C92: 32370019063H | D92: 一中中美 | E92: 物理类 | G92: 2 | H92: 423 | I92: 459 | J92: 637 | K92: 27 | L92: 5616 | M92: 94 | N92: 750 | O92: 63 | P92: 760 | Q92: 104 | R92: 541 | S92: 50 | T92: 551 | W92: 46 | X92: 73 | Y92: 569 | Z92: 66 | AA92: 75 | AB92: 403 | AI92: 物化生 | AJ92: 46 | AO92: 641 | AP92: 613 | AQ92: 573 | AR92: 664 | AS92: 611 | AT92: 637
A93: 陈嘉辉 | B93: 1315230247 | C93: 32370019066H | D93: 一中中美 | E93: 物理类 | G93: 2 | H93: 469 | I93: 501.5 | J93: 527 | K93: -26 | L93: 3304 | M93: 100.5 | N93: 584 | O93: 74.5 | P93: 681 | Q93: 117 | R93: 264 | S93: 46.5 | T93: 592 | W93: 60.5 | X93: 84 | Y93: 341 | Z93: 70 | AA93: 79 | AB93: 338 | AI93: 物化生 | AJ93: 47 | AO93: 557 | AP93: 631 | AQ93: 475 | AR93: 501 | AS93: 598 | AT93: 527
A94: 林芳 | B94: 1315230301 | C94: 32370010009 | D94: 一中 | E94: 物理类 | G94: 3 | H94: 560 | I94: 582 | J94: 133 | K94: -48 | L94: 638 | M94: 110 | N94: 209 | O94: 94.5 | P94: 374 | Q94: 115 | R94: 294 | S94: 78.5 | T94: 100 | W94: 75.5 | X94: 91 | Y94: 79 | Z94: 86.5 | AA94: 93 | AB94: 41 | AI94: 物化生 | AJ94: 1 | AO94: 84 | AP94: 173 | AQ94: 113 | AR94: 85 | AS94: 202 | AT94: 133
A95: 周子森 | B95: 1315230302 | C95: 32370010016 | D95: 一中 | E95: 物理类 | G95: 3 | H95: 562.5 | I95: 592 | J95: 107 | K95: 295 | L95: 459 | M95: 104 | N95: 450 | O95: 112.5 | P95: 84 | Q95: 109 | R95: 434 | S95: 88.5 | T95: 23 | W95: 64.5 | X95: 87 | Y95: 258 | Z95: 84 | AA95: 91 | AB95: 75 | AI95: 物化生 | AJ95: 2 | AO95: 501 | AP95: 308 | AQ95: 346 | AR95: 402 | AS95: 314 | AT95: 107
A96: 陈奕豪 | B96: 1315230303 | C96: 32370010062 | D96: 一中 | E96: 物理类 | G96: 3 | H96: 431.5 | I96: 464 | J96: 630 | K96: -14 | L96: 5332 | M96: 95.5 | N96: 721 | O96: 85.5 | P96: 530 | Q96: 73.5 | R96: 785 | S96: 47.5 | T96: 583 | W96: 61 | X96: 84 | Y96: 332 | Z96: 68.5 | AA96: 78 | AB96: 366 | AI96: 物化生 | AJ96: 3 | AO96: 578 | AP96: 589 | AQ96: 596 | AR96: 616 | AS96: 539 | AT96: 630
A97: 阮鋆阳 | B97: 1315230304 | C97: 32370010065 | D97: 一中 | E97: 物理类 | G97: 3 | H97: 560 | I97: 587.5 | J97: 119 | K97: -20 | L97: 549 | M97: 106.5 | N97: 346 | O97: 105.5 | P97: 170 | Q97: 111.5 | R97: 371 | S97: 91 | T97: 17 | W97: 71.5 | X97: 90 | Y97: 144 | Z97: 74 | AA97: 83 | AB97: 265 | AI97: 物化生 | AJ97: 4 | AO97: 151 | AP97: 122 | AQ97: 153 | AR97: 99 | AS97: 181 | AT97: 119
A98: 吴承书 | B98: 1315230305 | C98: 32370010120 | D98: 一中 | E98: 物理类 | G98: 3 | H98: 515 | I98: 546.5 | J98: 300 | K98: 13 | L98: 1552 | M98: 95.5 | N98: 721 | O98: 93.5 | P98: 392 | Q98: 116.5 | R98: 274 | S98: 68 | T98: 269 | W98: 61.5 | X98: 85 | Y98: 322 | Z98: 80 | AA98: 88 | AB98: 152 | AI98: 物化生 | AJ98: 5 | AO98: 339 | AP98: 205 | AQ98: 249 | AR98: 313 | AS98: 250 | AT98: 300
A99: 陈铮 | B99: 1315230306 | C99: 32370010138 | D99: 一中 | E99: 物理类 | G99: 3 | H99: 533.5 | I99: 565 | J99: 214 | K99: -71 | L99: 1031 | M99: 114 | N99: 84 | O99: 95.5 | P99: 357 | Q99: 122.5 | R99: 130 | S99: 62 | T99: 373 | W99: 64 | X99: 87 | Y99: 269 | Z99: 75.5 | AA99: 84 | AB99: 235 | AI99: 物化生 | AJ99: 6 | AO99: 98 | AP99: 164 | AQ99: 230 | AR99: 143 | AS99: 195 | AT99: 214
A100: 韩东霖 | B100: 1315230307 | C100: 32370010140 | D100: 一中 | E100: 物理类 | G100: 3 | H100: 531 | I100: 564 | J100: 216 | K100: 193 | L100: 1054 | M100: 104.5 | N100: 433 | O100: 106 | P100: 160 | Q100: 110 | R100: 408 | S100: 77.5 | T100: 116 | W100: 62.5 | X100: 86 | Y100: 306 | Z100: 70.5 | AA100: 80 | AB100: 328 | AI100: 物化生 | AJ100: 7 | AO100: 247 | AP100: 503 | AQ100: 441 | AR100: 409 | AS100: 418 | AT100: 216
A101: 邱琳琅 | B101: 1315230308 | C101: 32370010228 | D101: 一中 | E101: 物理类 | G101: 3 | H101: 473 | I101: 507 | J101: 509 | K101: -55 | L101: 3049 | M101: 95.5 | N101: 721 | O101: 98 | P101: 311 | Q101: 96.5 | R101: 660 | S101: 56 | T101: 473 | W101: 57.5 | X101: 82 | Y101: 393 | Z101: 69.5 | AA101: 79 | AB101: 346 | AI101: 物化生 | AJ101: 8 | AO101: 377 | AP101: 467 | AQ101: 504 | AR101: 454 | AS101: 416 | AT101: 509
A102: 叶金凤 | B102: 1315230309 | C102: 32370010243 | D102: 一中 | E102: 物理类 | G102: 3 | H102: 456.5 | I102: 493.5 | J102: 549 | K102: -194 | L102: 3686 | M102: 100.5 | N102: 584 | O102: 94.5 | P102: 374 | Q102: 100.5 | R102: 600 | S102: 47 | T102: 587 | W102: 43.5 | X102: 71 | Y102: 595 | Z102: 70.5 | AA102: 80 | AB102: 328 | AI102: 物化生 | AJ102: 9 | AO102: 566 | AP102: 644 | AQ102: 528 | AR102: 355 | AS102: 466 | AT102: 549
... A125: 杨皓然 | B125: 1315230332 | C125: 32370010666 | D125: 一中 | E125: 物理类 | G125: 3 | H125: 509 | I125: 542.5 | J125: 330 | K125: -48 | L125: 1699 | M125: 119.5 | N125: 17 | O125: 63 | P125: 760 | Q125: 120.5 | R125: 180 | S125: 77.5 | T125: 116 | W125: 56.5 | X125: 81 | Y125: 414 | Z125: 72 | AA125: 81 | AB125: 301 | AI125: 物化生 | AJ125: 32 | AO125: 309 | AP125: 191 | AQ125: 181 | AR125: 282 | AS125: 209 | AT125: 330
A126: 李仲衡 | B126: 1315230333 | C126: 32370010679 | D126: 一中 | E126: 物理类 | G126: 3 | H126: 515 | I126: 544.5 | J126: 320 | K126: 67 | L126: 1623 | M126: 98.5 | N126: 653 | O126: 97.5 | P126: 321 | Q126: 107.5 | R126: 463 | S126: 70 | T126: 226 | W126: 67.5 | X126: 88 | Y126: 207 | Z126: 74 | AA126: 83 | AB126: 265 | AI126: 物化生 | AJ126: 33 | AO126: 160 | AP126: 248 | AR126: 387 | AS126: 272 | AT126: 320
A127: 叶天乐 | B127: 1315230334 | C127: 32370010681 | D127: 一中 | E127: 物理类 | G127: 3 | H127: 516.5 | I127: 546 | J127: 305 | K127: -162 | L127: 1568 | M127: 101.5 | N127: 544 | O127: 90.5 | P127: 445 | Q127: 105.5 | R127: 513 | S127: 80.5 | T127: 81 | W127: 67.5 | X127: 88 | Y127: 207 | Z127: 71 | AA127: 80 | AB127: 321 | AI127: 物化生 | AJ127: 34 | AO127: 333 | AP127: 305 | AQ127: 107 | AR127: 143 | AS127: 301 | AT127: 305
A128: 巫佩耘 | B128: 1315230335 | C128: 32370010716 | D128: 一中 | E128: 物理类 | G128: 3 | H128: 541 | I128: 568 | J128: 195 | K128: 21 | L128: 951 | M128: 109.5 | N128: 226 | O128: 101 | P128: 245 | Q128: 111.5 | R128: 371 | S128: 63 | T128: 353 | W128: 66.5 | X128: 88 | Y128: 220 | Z128: 89.5 | AA128: 95 | AB128: 16 | AI128: 物化生 | AJ128: 35 | AO128: 234 | AP128: 359 | AQ128: 89 | AR128: 216 | AS128: 304 | AT128: 195
A129: 林义翔 | B129: 1315230336 | C129: 32370010729 | D129: 一中 | E129: 物理类 | G129: 3 | H129: 526 | I129: 554.5 | J129: 266 | K129: 24 | L129: 1319 | M129: 104 | N129: 450 | O129: 97.5 | P129: 321 | Q129: 112 | R129: 360 | S129: 59 | T129: 430 | W129: 60.5 | X129: 84 | Y129: 341 | Z129: 93 | AA129: 98 | AB129: 4 | AI129: 物化生 | AJ129: 36 | AO129: 445 | AP129: 232 | AQ129: 188 | AR129: 290 | AS129: 456 | AT129: 266
A130: 林飞杨 | B130: 1315230337 | C130: 32370010743 | D130: 一中 | E130: 物理类 | G130: 3 | H130: 475.5 | I130: 508 | J130: 503 | K130: -30 | L130: 3013 | M130: 111 | N130: 172 | O130: 95 | P130: 362 | Q130: 86.5 | R130: 749 | S130: 58.5 | T130: 441 | W130: 58.5 | X130: 82 | Y130: 372 | Z130: 66 | AA130: 75 | AB130: 403 | AI130: 物化生 | AJ130: 37 | AO130: 532 | AP130: 503 | AQ130: 576 | AR130: 473 | AS130: 525 | AT130: 503
A131: 范子悦 | B131: 1315230338 | C131: 32370010411 | D131: 一中 | E131: 物理类 | G131: 3 | H131: 451 | I131: 490 | J131: 559 | K131: -23 | L131: 3874 | M131: 105 | N131: 406 | O131: 76.5 | P131: 664 | Q131: 122 | R131: 142 | S131: 51.5 | T131: 535 | W131: 44.5 | X131: 72 | Y131: 585 | Z131: 51.5 | AA131: 63 | AB131: 461 | AI131: 物化生 | AJ131: 38 | AO131: 539 | AP131: 463 | AQ131: 456 | AR131: 536 | AS131: 405 | AT131: 559
A132: 钟霖君 | B132: 1315230339 | C132: 32370019002H | D132: 一中中美 | E132: 物理类 | G132: 3 | H132: 446 | I132: 482.5 | J132: 586 | K132: -50 | L132: 4262 | M132: 106.5 | N132: 346 | O132: 74 | P132: 688 | Q132: 120 | R132: 195 | S132: 41 | T132: 628 | W132: 41.5 | X132: 69 | Y132: 611 | Z132: 63 | AA132: 72 | AB132: 423 | AI132: 物化生 | AJ132: 39 | AO132: 453 | AP132: 465 | AQ132: 522 | AR132: 536 | AS132: 431 | AT132: 586
A133: 张云飞 | B133: 1315230340 | C133: 32370019004H | D133: 一中中美 | E133: 物理类 | G133: 3 | H133: 490 | I133: 523 | J133: 426 | K133: 84 | L133: 2371 | M133: 109.5 | N133: 226 | O133: 85.5 | P133: 530 | Q133: 118.5 | R133: 221 | S133: 51.5 | T133: 535 | W133: 57 | X133: 81 | Y133: 406 | Z133: 68 | AA133: 77 | AB133: 372 | AI133: 物化生 | AJ133: 40 | AO133: 591 | AP133: 625 | AQ133: 409 | AR133: 510 | AS133: 611 | AT133: 426
A134: 连晨希 | B134: 1315230341 | C134: 32370019071H | D134: 一中中美 | E134: 物理类 | G134: 3 | H134: 501 | I134: 535 | J134: 365 | K134: 92 | L134: 1944 | M134: 108 | N134: 278 | O134: 85.5 | P134: 530 | Q134: 130.5 | R134: 32 | S134: 53 | T134: 517 | W134: 50.5 | X134: 76 | Y134: 516 | Z134: 73.5 | AA134: 82 | AB134: 273 | AI134: 物化生 | AJ134: 41 | AO134: 430 | AP134: 334 | AQ134: 214 | AR134: 457 | AS134: 316 | AT134: 365
A135: 游钰奇 | B135: 1315230342 | C135: 32370019086H | D135: 一中中美 | E135: 物理类 | G135: 3 | H135: 503.5 | I135: 531.5 | J135: 383 | K135: 26 | L135: 2059 | M135: 95.5 | N135: 721 | O135: 101.5 | P135: 235 | Q135: 99 | R135: 617 | S135: 57.5 | T135: 454 | W135: 66 | X135: 87 | Y135: 232 | Z135: 84 | AA135: 91 | AB135: 75 | AI135: 物化生 | AJ135: 42 | AO135: 417 | AP135: 359 | AQ135: 338 | AR135: 409 | AS135: 502 | AT135: 383
A136: 高梓文 | B136: 1315230343 | C136: 32370019087H | D136: 一中中美 | E136: 物理类 | G136: 3 | H136: 560.5 | I136: 589 | J136: 116 | K136: -49 | L136: 515 | M136: 109.5 | N136: 226 | O136: 120 | P136: 26 | Q136: 112.5 | R136: 350 | S136: 71 | T136: 205 | W136: 68 | X136: 88 | Y136: 197 | Z136: 79.5 | AA136: 88 | AB136: 165 | AI136: 物化生 | AJ136: 43 | AO136: 155 | AP136: 97 | AQ136: 78 | AR136: 67 | AS136: 38 | AT136: 116
A137: 章舒恒 | B137: 7035230344 | C137: 20239232028 | D137: 寄读 | E137: 物理类 | F137: 扆山 | G137: 3 | H137: 339 | I137: 378 | J137: 686 | K137: -6 | L137: 10598 | M137: 80 | N137: 796 | O137: 79 | P137: 639 | Q137: 46 | R137: 799 | S137: 53 | T137: 517 | W137: 33 | X137: 61 | Y137: 654 | Z137: 48 | AA137: 59 | AB137: 465 | AI137: 物化生 | AJ137: 44 | AO137: 684 | AP137: 688 | AQ137: 680 | AR137: 680 | AS137: 686 | AT137: 686
A138: 缪泓辉 | B138: 7035230345 | C138: 20239232029 | D138: 补习 | E138: 物理类 | F138: 扆山 | G138: 3 | H138: 459 | I138: 495 | J138: 540 | K138: -138 | L138: 3600 | M138: 90 | N138: 781 | O138: 97 | P138: 330 | Q138: 101 | R138: 592 | S138: 57 | T138: 462 | W138: 44 | X138: 71 | Y138: 591 | Z138: 70 | AA138: 79 | AB138: 338 | AI138: 物化生 | AJ138: 45 | AP138: 483 | AQ138: 153 | AR138: 402 | AS138: 226 | AT138: 540
A139: 杨峻滔 | B139: 7035230346 | C139: 20249233001 | D139: 补习 | E139: 物理类 | F139: 扆山 | G139: 3 | H139: 467.5 | I139: 500.5 | J139: 531 | K139: -132 | L139: 3339 | M139: 105 | N139: 406 | O139: 82 | P139: 597 | Q139: 96.5 | R139: 660 | S139: 58 | T139: 447 | W139: 59 | X139: 83 | Y139: 369 | Z139: 67 | AA139: 76 | AB139: 392 | AI139: 物化生 | AJ139: 46 | AP139: 410 | AQ139: 354 | AR139: 399 | AS139: 370 | AT139: 531
A140: 林子博 | B140: 1315230401 | C140: 32370010447 | D140: 一中 | E140: 物理类 | G140: 4 | H140: 517 | I140: 543 | J140: 327 | K140: 274 | L140: 1676 | M140: 98 | N140: 668 | O140: 98.5 | P140: 298 | Q140: 110 | R140: 408 | S140: 66.5 | T140: 292 | W140: 72.5 | X140: 90 | Y140: 129 | Z140: 71.5 | AA140: 80 | AB140: 310 | AI140: 物化生 | AJ140: 1 | AO140: 553 | AP140: 401 | AQ140: 449 | AR140: 601 | AS140: 192 | AT140: 327
A141: 阮家俊 | B141: 1315230402 | C141: 32370010038 | D141: 一中 | E141: 物理类 | G141: 4 | H141: 516 | I141: 549.5 | J141: 289 | K141: -171 | L141: 1476 | M141: 106 | N141: 361 | O141: 101.5 | P141: 235 | Q141: 121 | R141: 168 | S141: 60 | T141: 413 | W141: 52 | X141: 77 | Y141: 493 | Z141: 75.5 | AA141: 84 | AB141: 235 | AI141: 物化生 | AJ141: 2 | AO141: 243 | AP141: 174 | AQ141: 177 | AR141: 118 | AS141: 209 | AT141: 289
A142: 王以恒 | B142: 1315230403 | C142: 32370010047 | D142: 一中 | E142: 物理类 | G142: 4 | H142: 552 | I142: 578.5 | J142: 143 | K142: 2 | L142: 711 | M142: 103 | N142: 487 | O142: 110.5 | P142: 96 | Q142: 118 | R142: 236 | S142: 79 | T142: 94 | W142: 72.5 | X142: 90 | Y142: 129 | Z142: 69 | AA142: 78 | AB142: 354 | AI142: 物化生 | AJ142: 3 | AO142: 199 | AP142: 23 | AQ142: 58 | AR142: 145 | AS142: 66 | AT142: 143
A143: 缪有宸 | B143: 1315230404 | C143: 32370010064 | D143: 一中 | E143: 物理类 | G143: 4 | H143: 569.5 | I143: 596.5 | J143: 99 | K143: 96 | L143: 409 | M143: 111 | N143: 172 | O143: 108 | P143: 119 | Q143: 119.5 | R143: 200 | S143: 81 | T143: 76 | W143: 72.5 | X143: 90 | Y143: 129 | Z143: 77.5 | AA143: 87 | AB143: 204 | AI143: 物化生 | AJ143: 4 | AO143: 127 | AP143: 160 | AQ143: 147 | AR143: 195 | AS143: 162 | AT143: 99
A144: 邱洲胜 | B144: 1315230405 | C144: 32370010071 | D144: 一中 | E144: 物理类 | G144: 4 | H144: 567 | I144: 586 | J144: 121 | K144: -95 | L144: 572 | M144: 106 | N144: 361 | O144: 94 | P144: 381 | Q144: 124 | R144: 106 | S144: 78 | T144: 109 | W144: 83 | X144: 94 | Y144: 22 | Z144: 82 | AA144: 90 | AB144: 111 | AI144: 物化生 | AJ144: 5 | AO144: 55 | AP144: 102 | AQ144: 86 | AR144: 26 | AS144: 82 | AT144: 121
A145: 陈唯宇 | B145: 1315230406 | C145: 32370010092 | D145: 一中 | E145: 物理类 | G145: 4 | H145: 516 | I145: 547.5 | J145: 294 | K145: -146 | L145: 1517 | M145: 115.5 | N145: 55 | O145: 91.5 | P145: 429 | Q145: 116.5 | R145: 274 | S145: 53 | T145: 517 | W145: 64 | X145: 87 | Y145: 269 | Z145: 75.5 | AA145: 84 | AB145: 235 | AI145: 物化生 | AJ145: 6 | AO145: 243 | AP145: 316 | AQ145: 267 | AR145: 148 | AS145: 190 | AT145: 294
A146: 游家宝 | B146: 1315230407 | C146: 32370010110 | D146: 一中 | E146: 物理类 | G146: 4 | H146: 479 | I146: 511.5 | J146: 489 | K146: -23 | L146: 2857 | M146: 103.5 | N146: 470 | O146: 81 | P146: 615 | Q146: 98.5 | R146: 627 | S146: 67.5 | T146: 275 | W146: 59.5 | X146: 83 | Y146: 362 | Z146: 69 | AA146: 78 | AB146: 354 | AI146: 物化生 | AJ146: 7 | AO146: 481 | AP146: 547 | AQ146: 480 | AR146: 466 | AS146: 459 | AT146: 489
A147: 林芝同 | B147: 1315230408 | C147: 32370010193 | D147: 一中 | E147: 物理类 | G147: 4 | H147: 411.5 | I147: 447.5 | J147: 655 | K147: 11 | L147: 6295 | M147: 100 | N147: 605 | O147: 64.5 | P147: 748 | Q147: 100.5 | R147: 600 | S147: 52.5 | T147: 523 | W147: 25 | X147: 52 | Y147: 670 | Z147: 69 | AA147: 78 | AB147: 354 | AI147: 物化生 | AJ147: 8 | AO147: 673 | AP147: 568 | AQ147: 588 | AR147: 666 | AS147: 666 | AT147: 655
A148: 吴哲宇 | B148: 1315230409 | C148: 32370010247 | D148: 一中 | E148: 物理类 | G148: 4 | H148: 492.5 | I148: 520 | J148: 443 | K148: -10 | L148: 2489 | M148: 102 | N148: 529 | O148: 82.5 | P148: 590 | Q148: 93.5 | R148: 693 | S148: 63 | T148: 353 | W148: 70 | X148: 89 | Y148: 159 | Z148: 81.5 | AA148: 90 | AB148: 122 | AI148: 物化生 | AJ148: 9 | AO148: 299 | AP148: 340 | AQ148: 295 | AR148: 433 | AS148: 195 | AT148: 443
A149: 彭锦轩 | B149: 1315230410 | C149: 32370010298 | D149: 一中 | E149: 物理类 | G149: 4 | H149: 527.5 | I149: 552.5 | J149: 275 | K149: -96 | L149: 1383 | M149: 101 | N149: 561 | O149: 99.5 | P149: 270 | Q149: 99.5 | R149: 610 | S149: 71.5 | T149: 200 | W149: 73 | X149: 90 | Y149: 125 | Z149: 83 | AA149: 91 | AB149: 91 | AI149: 物化生 | AJ149: 10 | AO149: 180 | AP149: 300 | AQ149: 325 | AR149: 179 | AS149: 281 | AT149: 275
A150: 郑强椿 | B150: 1315230411 | C150: 32370010310 | D150: 一中 | E150: 物理类 | G150: 4 | H150: 537.5 | I150: 566 | J150: 204 | K150: 123 | L150: 1002 | M150: 100.5 | N150: 584 | O150: 98 | P150: 311 | Q150: 108 | R150: 453 | S150: 79.5 | T150: 89 | W150: 66.5 | X150: 88 | Y150: 220 | Z150: 85 | AA150: 92 | AB150: 57 | AI150: 物化生 | AJ150: 11 | AO150: 118 | AP150: 125 | AQ150: 138 | AR150: 327 | AS150: 181 | AT150: 204
A151: 陈墨轩 | B151: 1315230412 | C151: 32370010335 | D151: 一中 | E151: 物理类 | G151: 4 | H151: 542 | I151: 566 | J151: 204 | K151: -136 | L151: 1002 | M151: 98.5 | N151: 653 | O151: 104 | P151: 193 | Q151: 110 | R151: 408 | S151: 72.5 | T151: 189 | W151: 75 | X151: 91 | Y151: 88 | Z151: 82 | AA151: 90 | AB151: 111 | AI151: 物化生 | AJ151: 12 | AO151: 185 | AP151: 225 | AQ151: 185 | AR151: 68 | AS151: 152 | AT151: 204
... A170: 雷美琴 | B170: 1315230431 | C170: 32370010639 | D170: 一中 | E170: 物理类 | G170: 4 | H170: 470 | I170: 506 | J170: 515 | K170: 25 | L170: 3105 | M170: 98.5 | N170: 653 | O170: 98.5 | P170: 298 | Q170: 96.5 | R170: 660 | S170: 59.5 | T170: 424 | W170: 47 | X170: 74 | Y170: 555 | Z170: 70 | AA170: 79 | AB170: 338 | AI170: 物化生 | AJ170: 31 | AO170: 595 | AP170: 475 | AQ170: 521 | AR170: 540 | AS170: 568 | AT170: 515
A171: 游楚晖 | B171: 1315230432 | C171: 32370010661 | D171: 一中 | E171: 物理类 | G171: 4 | H171: 528 | I171: 551.5 | J171: 279 | K171: -99 | L171: 1412 | M171: 96.5 | N171: 701 | O171: 99.5 | P171: 270 | Q171: 97.5 | R171: 652 | S171: 76 | T171: 142 | W171: 75 | X171: 91 | Y171: 88 | Z171: 83.5 | AA171: 91 | AB171: 86 | AI171: 物化生 | AJ171: 32 | AO171: 153 | AP171: 203 | AR171: 180 | AS171: 123 | AT171: 279
A172: 周筠 | B172: 1315230433 | C172: 32370010665 | D172: 一中 | E172: 物理类 | G172: 4 | H172: 501.5 | I172: 535 | J172: 365 | K172: -15 | L172: 1944 | M172: 99.5 | N172: 618 | O172: 89 | P172: 470 | Q172: 120.5 | R172: 180 | S172: 60 | T172: 413 | W172: 55.5 | X172: 80 | Y172: 435 | Z172: 77 | AA172: 86 | AB172: 212 | AI172: 物化生 | AJ172: 33 | AO172: 384 | AP172: 243 | AQ172: 350 | AR172: 350 | AS172: 325 | AT172: 365
A173: 林鑫 | B173: 1315230434 | C173: 32370010678 | D173: 一中 | E173: 物理类 | G173: 4 | H173: 462 | I173: 494.5 | J173: 543 | K173: -160 | L173: 3632 | M173: 109.5 | N173: 226 | O173: 72 | P173: 698 | Q173: 110 | R173: 408 | S173: 44 | T173: 610 | W173: 62.5 | X173: 86 | Y173: 306 | Z173: 64 | AA173: 73 | AB173: 417 | AI173: 物化生 | AJ173: 34 | AO173: 530 | AP173: 478 | AQ173: 404 | AR173: 383 | AS173: 566 | AT173: 543
A174: 杨淋钠 | B174: 1315230435 | C174: 32370010730 | D174: 一中 | E174: 物理类 | G174: 4 | H174: 564 | I174: 592.5 | J174: 106 | K174: 572 | L174: 450 | M174: 110 | N174: 209 | O174: 108.5 | P174: 110 | Q174: 120.5 | R174: 180 | S174: 69.5 | T174: 241 | W174: 64 | X174: 87 | Y174: 269 | Z174: 91.5 | AA174: 97 | AB174: 8 | AI174: 物化生 | AJ174: 35 | AO174: 122 | AP174: 123 | AQ174: 121 | AR174: 678 | AS174: 96 | AT174: 106
A175: 郭家顺 | B175: 1315230436 | C175: 32370010358 | D175: 一中 | E175: 物理类 | G175: 4 | H175: 288.5 | I175: 329.5 | J175: 688 | K175: -8 | L175: 12869 | M175: 74 | N175: 798 | O175: 59 | P175: 772 | Q175: 44.5 | R175: 799 | S175: 35 | T175: 663 | W175: 33.5 | X175: 61 | Y175: 651 | Z175: 42.5 | AA175: 56 | AB175: 466 | AI175: 物化生 | AJ175: 36 | AP175: 685 | AQ175: 680 | AR175: 680 | AS175: 683 | AT175: 688
A176: 陈柏霖 | B176: 1315230437 | C176: 32370019016H | D176: 一中中美 | E176: 物理类 | G176: 4 | H176: 455 | I176: 485 | J176: 577 | K176: 47 | L176: 4141 | M176: 100.5 | N176: 584 | O176: 105 | P176: 178 | Q176: 75.5 | R176: 781 | S176: 48 | T176: 579 | W176: 65.5 | X176: 87 | Y176: 239 | Z176: 60.5 | AA176: 69 | AB176: 440 | AI176: 物化生 | AJ176: 37 | AO176: 628 | AP176: 632 | AQ176: 563 | AR176: 624 | AS176: 646 | AT176: 577
...

Sheet 总分(全体)
A1: 姓名 | B1: 考号 | C1: 学号 | D1: 学籍校 | E1: 科类 | F1: 备注 | G1: 班级 | H1: 总分 | I1: 赋分总分 | J1: 赋分总分排名 | K1: 进退步 | L1: 联考排名 | M1: 语文 | N1: 语文排名 | O1: 数学 | P1: 数学排名 | Q1: 英语 | R1: 英语排名 | S1: 物理 | T1: 物理排名 | U1: 历史 | V1: 历史排名 | W1: 化学 | X1: 化学赋分 | Y1: 化学排名 | Z1: 生物 | AA1: 生物赋分 | AB1: 生物排名 | AC1: 政治 | AD1: 政治赋分 | AE1: 政治排名 | AF1: 地理 | AG1: 地理赋分 | AH1: 地理排名 | AI1: 选科 | AJ1: 座号 | AK1: 化学教学班名称 | AL1: 生物教学班名称 | AM1: 政治教学班名称 | AN1: 地理教学班名称 | AO1: 上月考1排名 | AP1: 上月考2排名 | AQ1: 上月考4排名 | AR1: 上月考5排名 | AS1: 上半期考排名 | AT1: 上期末考排名
A2: 钟亿杨 | B2: 1315231925 | C2: 32370010581 | D2: 一中 | E2: 物理类 | G2: 19 | H2: 646 | I2: 669.5 | J2: 1 | K2: 3 | L2: 2 | M2: 115 | N2: 66 | O2: 131.5 | P2: 3 | Q2: 136 | R2: 3 | S2: 99 | T2: 2 | W2: 71.5 | X2: 90 | Y2: 144 | Z2: 93 | AA2: 98 | AB2: 4 | AI2: 物化生 | AJ2: 25 | AO2: 1 | AP2: 3 | AQ2: 1 | AR2: 4 | AS2: 11 | AT2: 1
A3: 吴凯杰 | B3: 1315231916 | C3: 32370010490 | D3: 一中 | E3: 物理类 | G3: 19 | H3: 631 | I3: 649 | J3: 2 | K3: 11 | L3: 23 | M3: 118.5 | N3: 28 | O3: 117.5 | P3: 46 | Q3: 132.5 | R3: 21 | S3: 94.5 | T3: 6 | W3: 83.5 | X3: 94 | Y3: 21 | Z3: 84.5 | AA3: 92 | AB3: 66 | AI3: 物化生 | AJ3: 16 | AO3: 15 | AP3: 1 | AQ3: 2 | AR3: 13 | AS3: 4 | AT3: 2
A4: 王紫儒 | B4: 1315231910 | C4: 32370010278 | D4: 一中 | E4: 物理类 | G4: 19 | H4: 629 | I4: 648.5 | J4: 3 | K4: 24 | L4: 25 | M4: 119 | N4: 21 | O4: 119.5 | P4: 33 | Q4: 131 | R4: 29 | S4: 91 | T4: 17 | W4: 79 | X4: 93 | Y4: 50 | Z4: 89.5 | AA4: 95 | AB4: 16 | AI4: 物化生 | AJ4: 10 | AO4: 12 | AP4: 8 | AQ4: 18 | AR4: 27 | AS4: 29 | AT4: 3
A5: 缪轩 | B5: 1315231931 | C5: 32370010699 | D5: 一中 | E5: 物理类 | G5: 19 | H5: 631.5 | I5: 646.5 | J5: 4 | K5: 8 | L5: 28 | M5: 113.5 | N5: 101 | O5: 120 | P5: 26 | Q5: 133 | R5: 12 | S5: 94 | T5: 8 | W5: 92 | X5: 98 | Y5: 2 | Z5: 79 | AA5: 88 | AB5: 171 | AI5: 物化生 | AJ5: 31 | AO5: 29 | AP5: 16 | AQ5: 16 | AR5: 12 | AS5: 14 | AT5: 4
A6: 王铮文 | B6: 1315231924 | C6: 32370010573 | D6: 一中 | E6: 物理类 | G6: 19 | H6: 622.5 | I6: 646.5 | J6: 4 | K6: 25 | L6: 28 | M6: 119 | N6: 21 | O6: 137.5 | P6: 1 | Q6: 123 | R6: 123 | S6: 85 | T6: 42 | W6: 74 | X6: 91 | Y6: 110 | Z6: 84 | AA6: 91 | AB6: 75 | AI6: 物化生 | AJ6: 24 | AO6: 18 | AP6: 67 | AQ6: 46 | AR6: 29 | AS6: 63 | AT6: 4
A7: 谢政良 | B7: 1315231010 | C7: 32370010134 | D7: 一中 | E7: 物理类 | G7: 10 | H7: 625.5 | I7: 644 | J7: 6 | K7: 18 | L7: 31 | M7: 107.5 | N7: 300 | O7: 132 | P7: 2 | Q7: 121 | R7: 168 | S7: 99.5 | T7: 1 | W7: 84.5 | X7: 95 | Y7: 14 | Z7: 81 | AA7: 89 | AB7: 132 | AI7: 物化生 | AJ7: 10 | AL7: 生物选考10.16班 | AO7: 41 | AP7: 48 | AQ7: 37 | AR7: 24 | AS7: 3 | AT7: 6
A8: 缪定衡 | B8: 1315231909 | C8: 32370010238 | D8: 一中 | E8: 物理类 | G8: 19 | H8: 628.5 | I8: 643.5 | J8: 7 | K8: 48 | L8: 33 | M8: 121 | N8: 9 | O8: 123 | P8: 13 | Q8: 131 | R8: 29 | S8: 78.5 | T8: 100 | W8: 86.5 | X8: 96 | Y8: 7 | Z8: 88.5 | AA8: 94 | AB8: 20 | AI8: 物化生 | AJ8: 9 | AO8: 21 | AP8: 132 | AQ8: 12 | AR8: 55 | AS8: 45 | AT8: 7
A9: 许皓 | B9: 1315231920 | C9: 32370010542 | D9: 一中 | E9: 物理类 | G9: 19 | H9: 625 | I9: 642 | J9: 8 | K9: 33 | L9: 36 | M9: 115.5 | N9: 55 | O9: 120 | P9: 26 | Q9: 136.5 | R9: 2 | S9: 84 | T9: 48 | W9: 86.5 | X9: 96 | Y9: 7 | Z9: 82.5 | AA9: 90 | AB9: 99 | AI9: 物化生 | AJ9: 20 | AO9: 11 | AP9: 33 | AQ9: 15 | AR9: 41 | AS9: 22 | AT9: 8
A10: 蔡源培 | B10: 1315231914 | C10: 32370010368 | D10: 一中 | E10: 物理类 | G10: 19 | H10: 619 | I10: 642 | J10: 8 | K10: -3 | L10: 36 | M10: 119.5 | N10: 17 | O10: 125.5 | P10: 7 | Q10: 133 | R10: 12 | S10: 82 | T10: 65 | W10: 73.5 | X10: 90 | Y10: 116 | Z10: 85.5 | AA10: 92 | AB10: 50 | AI10: 物化生 | AJ10: 14 | AO10: 21 | AP10: 3 | AQ10: 10 | AR10: 5 | AS10: 7 | AT10: 8
A11: 陈文杰 | B11: 1315231923 | C11: 32370010571 | D11: 一中 | E11: 物理类 | G11: 19 | H11: 621 | I11: 641.5 | J11: 10 | K11: 19 | L11: 38 | M11: 116 | N11: 51 | O11: 115.5 | P11: 57 | Q11: 129.5 | R11: 46 | S11: 92.5 | T11: 13 | W11: 77 | X11: 92 | Y11: 62 | Z11: 90.5 | AA11: 96 | AB11: 10 | AI11: 物化生 | AJ11: 23 | AO11: 6 | AP11: 44 | AQ11: 21 | AR11: 29 | AS11: 6 | AT11: 10
A12: 郭嘉铭 | B12: 1315231932 | C12: 32370010708 | D12: 一中 | E12: 物理类 | G12: 19 | H12: 627.5 | I12: 641.5 | J12: 10 | K12: -8 | L12: 38 | M12: 108.5 | N12: 258 | O12: 115 | P12: 64 | Q12: 136 | R12: 3 | S12: 89 | T12: 20 | W12: 85 | X12: 95 | Y12: 12 | Z12: 94 | AA12: 98 | AB12: 1 | AI12: 物化生 | AJ12: 32 | AO12: 73 | AP12: 23 | AQ12: 4 | AR12: 2 | AS12: 15 | AT12: 10
A13: 赵晨悦 | B13: 1315231907 | C13: 32370010203 | D13: 一中 | E13: 物理类 | G13: 19 | H13: 625.5 | I13: 641.5 | J13: 10 | K13: -7 | L13: 38 | M13: 113.5 | N13: 101 | O13: 118 | P13: 44 | Q13: 129 | R13: 49 | S13: 93 | T13: 12 | W13: 86 | X13: 95 | Y13: 10 | Z13: 86 | AA13: 93 | AB13: 43 | AI13: 物化生 | AJ13: 7 | AO13: 19 | AP13: 2 | AQ13: 6 | AR13: 3 | AS13: 35 | AT13: 10
A14: 黄熙杰 | B14: 1315231918 | C14: 32370010520 | D14: 一中 | E14: 物理类 | G14: 19 | H14: 621 | I14: 640 | J14: 13 | K14: 8 | L14: 48 | M14: 112 | N14: 138 | O14: 128 | P14: 4 | Q14: 125 | R14: 92 | S14: 88 | T14: 24 | W14: 78 | X14: 92 | Y14: 54 | Z14: 90 | AA14: 95 | AB14: 13 | AI14: 物化生 | AJ14: 18 | AO14: 54 | AP14: 10 | AQ14: 7 | AR14: 21 | AS14: 5 | AT14: 13
A15: 范志华 | B15: 1315230923 | C15: 32370010383 | D15: 一中 | E15: 物理类 | G15: 9 | H15: 622 | I15: 639 | J15: 14 | K15: 30 | L15: 52 | M15: 112 | N15: 138 | O15: 122 | P15: 16 | Q15: 136 | R15: 3 | S15: 81 | T15: 76 | W15: 82.5 | X15: 94 | Y15: 26 | Z15: 88.5 | AA15: 94 | AB15: 20 | AI15: 物化生 | AJ15: 23 | AO15: 36 | AP15: 27 | AQ15: 63 | AR15: 44 | AS15: 31 | AT15: 14
A16: 王晗鉴 | B16: 1315231933 | C16: 32370010748 | D16: 一中 | E16: 物理类 | G16: 19 | H16: 615.5 | I16: 637.5 | J16: 15 | K16: -14 | L16: 58 | M16: 114.5 | N16: 74 | O16: 114 | P16: 69 | Q16: 130.5 | R16: 32 | S16: 94.5 | T16: 6 | W16: 75 | X16: 91 | Y16: 88 | Z16: 87 | AA16: 93 | AB16: 34 | AI16: 物化生 | AJ16: 33 | AO16: 4 | AP16: 15 | AQ16: 3 | AR16: 1 | AS16: 1 | AT16: 15
A17: 郭思辰 | B17: 1315230937 | C17: 32370010568 | D17: 一中 | E17: 物理类 | G17: 9 | H17: 621.5 | I17: 634.5 | J17: 16 | K17: 1 | L17: 70 | M17: 111 | N17: 172 | O17: 117.5 | P17: 46 | Q17: 127 | R17: 68 | S17: 88 | T17: 24 | W17: 92 | X17: 98 | Y17: 2 | Z17: 86 | AA17: 93 | AB17: 43 | AI17: 物化生 | AJ17: 37 | AO17: 2 | AP17: 7 | AQ17: 19 | AR17: 17 | AS17: 56 | AT17: 16
A18: 王毓华 | B18: 1315231929 | C18: 32370010656 | D18: 一中 | E18: 物理类 | G18: 19 | H18: 611.5 | I18: 634 | J18: 17 | K18: 61 | L18: 74 | M18: 116.5 | N18: 40 | O18: 122 | P18: 16 | Q18: 125.5 | R18: 89 | S18: 85 | T18: 42 | W18: 74.5 | X18: 91 | Y18: 102 | Z18: 88 | AA18: 94 | AB18: 28 | AI18: 物化生 | AJ18: 29 | AO18: 32 | AP18: 8 | AQ18: 24 | AR18: 78 | AS18: 2 | AT18: 17
A19: 杨皓程 | B19: 1315231901 | C19: 32370010024 | D19: 一中 | E19: 物理类 | G19: 19 | H19: 620.5 | I19: 633 | J19: 18 | K19: -12 | L19: 79 | M19: 113.5 | N19: 101 | O19: 110.5 | P19: 96 | Q19: 126.5 | R19: 74 | S19: 87.5 | T19: 27 | W19: 89 | X19: 97 | Y19: 5 | Z19: 93.5 | AA19: 98 | AB19: 3 | AI19: 物化生 | AJ19: 1 | AO19: 13 | AP19: 6 | AQ19: 52 | AR19: 6 | AS19: 40 | AT19: 18
... A22: 王梓棋 | B22: 1315231912 | C22: 32370010297 | D22: 一中 | E22: 物理类 | G22: 19 | H22: 605.5 | I22: 629 | J22: 21 | K22: -14 | L22: 96 | M22: 111.5 | N22: 155 | O22: 120 | P22: 26 | Q22: 127.5 | R22: 60 | S22: 87 | T22: 32 | W22: 71 | X22: 89 | Y22: 149 | Z22: 88.5 | AA22: 94 | AB22: 20 | AI22: 物化生 | AJ22: 12 | AO22: 3 | AP22: 13 | AQ22: 11 | AR22: 7 | AS22: 35 | AT22: 21
A23: 张栩芸 | B23: 1315231922 | C23: 32370010509 | D23: 一中 | E23: 物理类 | G23: 19 | H23: 610.5 | I23: 628.5 | J23: 22 | K23: 17 | L23: 98 | M23: 113 | N23: 112 | O23: 123 | P23: 13 | Q23: 111.5 | R23: 371 | S23: 94 | T23: 8 | W23: 84.5 | X23: 95 | Y23: 14 | Z23: 84.5 | AA23: 92 | AB23: 66 | AI23: 物化生 | AJ23: 22 | AL23: 生物选考10.16班 | AO23: 39 | AP23: 33 | AQ23: 22 | AR23: 39 | AS23: 17 | AT23: 22
A24: 郭力文 | B24: 1315231911 | C24: 32370010290 | D24: 一中 | E24: 物理类 | G24: 19 | H24: 617 | I24: 627 | J24: 23 | K24: 8 | L24: 104 | M24: 113.5 | N24: 101 | O24: 119 | P24: 36 | Q24: 129.5 | R24: 46 | S24: 70 | T24: 226 | W24: 91 | X24: 97 | Y24: 4 | Z24: 94 | AA24: 98 | AB24: 1 | AI24: 物化生 | AJ24: 11 | AO24: 8 | AP24: 21 | AQ24: 30 | AR24: 31 | AS24: 11 | AT24: 23
A25: 黄陈栩 | B25: 1315231015 | C25: 32370010268 | D25: 一中 | E25: 物理类 | G25: 10 | H25: 592.75 | I25: 627 | J25: 23 | K25: 28 | L25: 104 | M25: 116.5 | N25: 40 | O25: 105.5 | P25: 170 | Q25: 133 | R25: 12 | S25: 87 | T25: 32 | W25: 77 | X25: 92 | Y25: 62 | AC25: 73.75 | AD25: 93 | AE25: 12 | AI25: 物化政 | AJ25: 15 | AO25: 10 | AP25: 35 | AQ25: 49 | AR25: 51 | AS25: 51 | AT25: 23
A26: 李彦德 | B26: 1315230921 | C26: 32370010267 | D26: 一中 | E26: 物理类 | G26: 9 | H26: 605 | I26: 626 | J26: 25 | K26: 78 | L26: 111 | M26: 116.5 | N26: 40 | O26: 116 | P26: 54 | Q26: 120.5 | R26: 180 | S26: 87 | T26: 32 | W26: 75 | X26: 91 | Y26: 88 | Z26: 90 | AA26: 95 | AB26: 13 | AI26: 物化生 | AJ26: 21 | AO26: 43 | AP26: 12 | AQ26: 39 | AR26: 103 | AS26: 43 | AT26: 25
A27: 谢莹莹 | B27: 1315231906 | C27: 32370010152 | D27: 一中 | E27: 物理类 | G27: 19 | H27: 602.5 | I27: 625.5 | J27: 26 | K27: 34 | L27: 116 | M27: 119 | N27: 21 | O27: 120.5 | P27: 23 | Q27: 133.5 | R27: 9 | S27: 69.5 | T27: 241 | W27: 74.5 | X27: 91 | Y27: 102 | Z27: 85.5 | AA27: 92 | AB27: 50 | AI27: 物化生 | AJ27: 6 | AO27: 68 | AP27: 26 | AQ27: 51 | AR27: 60 | AS27: 89 | AT27: 26
A28: 李想 | B28: 1315231913 | C28: 32370010331 | D28: 一中 | E28: 物理类 | G28: 19 | H28: 604 | I28: 624.5 | J28: 27 | K28: -5 | L28: 121 | M28: 113.5 | N28: 101 | O28: 110.5 | P28: 96 | Q28: 129 | R28: 49 | S28: 83.5 | T28: 50 | W28: 76.5 | X28: 92 | Y28: 66 | Z28: 91 | AA28: 96 | AB28: 9 | AI28: 物化生 | AJ28: 13 | AO28: 76 | AP28: 31 | AQ28: 25 | AR28: 22 | AS28: 30 | AT28: 27
A29: 郑楷杰 | B29: 1315231046 | C29: 32370010707 | D29: 一中 | E29: 物理类 | G29: 10 | H29: 599.5 | I29: 624.5 | J29: 27 | K29: 51 | L29: 121 | M29: 123 | N29: 3 | O29: 94 | P29: 381 | Q29: 131 | R29: 29 | S29: 84.5 | T29: 45 | W29: 84 | X29: 95 | Y29: 17 | AF29: 83 | AG29: 97 | AH29: 1 | AI29: 物化地 | AJ29: 46 | AN29: 地理选考10.16班 | AO29: 5 | AP29: 110 | AQ29: 674 | AR29: 78 | AS29: 27 | AT29: 27
A30: 杨镇宏 | B30: 1315231903 | C30: 32370010086 | D30: 一中 | E30: 物理类 | G30: 19 | H30: 602 | I30: 624 | J30: 29 | K30: -13 | L30: 127 | M30: 119 | N30: 21 | O30: 111 | P30: 91 | Q30: 130.5 | R30: 32 | S30: 80.5 | T30: 81 | W30: 79.5 | X30: 93 | Y30: 43 | Z30: 81.5 | AA30: 90 | AB30: 122 | AI30: 物化生 | AJ30: 3 | AO30: 26 | AP30: 25 | AQ30: 9 | AR30: 16 | AS30: 17 | AT30: 29
A31: 苏陈烨 | B31: 1315230925 | C31: 32370010475 | D31: 一中 | E31: 物理类 | G31: 9 | H31: 604 | I31: 623.5 | J31: 30 | K31: -12 | L31: 129 | M31: 109.5 | N31: 226 | O31: 113.5 | P31: 77 | Q31: 119.5 | R31: 200 | S31: 96 | T31: 3 | W31: 81 | X31: 93 | Y31: 35 | Z31: 84.5 | AA31: 92 | AB31: 66 | AI31: 物化生 | AJ31: 25 | AO31: 47 | AP31: 14 | AQ31: 17 | AR31: 18 | AS31: 16 | AT31: 30
A32: 李思翰 | B32: 7035231052 | C32: 32570010486 | D32: 7001扆山 | E32: 物理类 | F32: 扆山 | G32: 10 | H32: 601 | I32: 621 | J32: 31 | K32: -21 | L32: 138 | M32: 103 | N32: 487 | O32: 127 | P32: 4 | Q32: 112 | R32: 360 | S32: 96 | T32: 3 | W32: 82 | X32: 94 | Y32: 29 | Z32: 81 | AA32: 89 | AB32: 132 | AJ32: 60 | AP32: 147 | AQ32: 59 | AR32: 10 | AT32: 31
A33: 林勇廷 | B33: 1315231926 | C33: 32370010599 | D33: 一中 | E33: 物理类 | G33: 19 | H33: 593 | I33: 621.5 | J33: 31 | K33: 1 | L33: 138 | M33: 107.5 | N33: 300 | O33: 128 | P33: 4 | Q33: 124.5 | R33: 100 | S33: 87.5 | T33: 27 | W33: 68.5 | X33: 88 | Y33: 182 | Z33: 77 | AA33: 86 | AB33: 212 | AI33: 物化生 | AJ33: 26 | AO33: 16 | AP33: 22 | AQ33: 13 | AR33: 32 | AS33: 10 | AT33: 31
A34: 彭俊鑫 | B34: 1315230913 | C34: 32370010179 | D34: 一中 | E34: 物理类 | G34: 9 | H34: 602.5 | I34: 620.5 | J34: 32 | K34: -22 | L34: 145 | M34: 108 | N34: 278 | O34: 119.5 | P34: 33 | Q34: 130.5 | R34: 32 | S34: 75.5 | T34: 151 | W34: 84.5 | X34: 95 | Y34: 14 | Z34: 84.5 | AA34: 92 | AB34: 66 | AI34: 物化生 | AJ34: 13 | AO34: 105 | AP34: 17 | AQ34: 41 | AR34: 10 | AS34: 23 | AT34: 32
A35: 叶紫 | B35: 1315230904 | C35: 32370010030 | D35: 一中 | E35: 物理类 | G35: 9 | H35: 599.75 | I35: 620.5 | J35: 32 | K35: 58 | L35: 145 | M35: 114.5 | N35: 74 | O35: 107.5 | P35: 129 | Q35: 133.5 | R35: 9 | S35: 78 | T35: 109 | W35: 76.5 | X35: 92 | Y35: 66 | Z35: 89.75 | AA35: 95 | AB35: 15 | AI35: 物化生 | AJ35: 4 | AO35: 30 | AP35: 77 | AQ35: 98 | AR35: 90 | AS35: 27 | AT35: 32
A36: 陈思尹 | B36: 1315230901 | C36: 32370010004 | D36: 一中 | E36: 物理类 | G36: 9 | H36: 598 | I36: 620 | J36: 34 | K36: 26 | L36: 148 | M36: 114 | N36: 84 | O36: 120.5 | P36: 23 | Q36: 119 | R36: 212 | S36: 81.5 | T36: 71 | W36: 75.5 | X36: 91 | Y36: 79 | Z36: 87.5 | AA36: 94 | AB36: 32 | AI36: 物化生 | AJ36: 1 | AO36: 24 | AP36: 43 | AQ36: 67 | AR36: 60 | AS36: 63 | AT36: 34
A37: 兰天泽 | B37: 1315231917 | C37: 32370010493 | D37: 一中 | E37: 物理类 | G37: 19 | H37: 605 | I37: 619.5 | J37: 35 | K37: -24 | L37: 154 | M37: 109 | N37: 245 | O37: 107.5 | P37: 129 | Q37: 133.5 | R37: 9 | S37: 77.5 | T37: 116 | W37: 87 | X37: 96 | Y37: 6 | Z37: 90.5 | AA37: 96 | AB37: 10 | AI37: 物化生 | AJ37: 17 | AO37: 7 | AP37: 11 | AQ37: 5 | AR37: 11 | AS37: 8 | AT37: 35
A38: 杨竣淇 | B38: 1315230941 | C38: 32370010732 | D38: 一中 | E38: 物理类 | G38: 9 | H38: 595.5 | I38: 619 | J38: 36 | K38: -4 | L38: 160 | M38: 115.5 | N38: 55 | O38: 115 | P38: 64 | Q38: 115.5 | R38: 288 | S38: 90 | T38: 19 | W38: 74.5 | X38: 91 | Y38: 102 | Z38: 85 | AA38: 92 | AB38: 57 | AI38: 物化生 | AJ38: 41 | AO38: 185 | AP38: 70 | AQ38: 142 | AR38: 32 | AS38: 128 | AT38: 36
A39: 叶矞坤 | B39: 1315230905 | C39: 32370010172 | D39: 一中 | E39: 物理类 | G39: 9 | H39: 594.5 | I39: 618.5 | J39: 37 | K39: 126 | L39: 166 | M39: 117 | N39: 39 | O39: 120.5 | P39: 23 | Q39: 130.5 | R39: 32 | S39: 67.5 | T39: 275 | W39: 70.5 | X39: 89 | Y39: 152 | Z39: 88.5 | AA39: 94 | AB39: 20 | AI39: 物化生 | AJ39: 5 | AO39: 86 | AP39: 177 | AQ39: 95 | AR39: 163 | AS39: 79 | AT39: 37
A40: 占嘉恒 | B40: 1315231905 | C40: 32370010149 | D40: 一中 | E40: 物理类 | G40: 19 | H40: 594.5 | I40: 618.5 | J40: 37 | K40: 11 | L40: 166 | M40: 110 | N40: 209 | O40: 118.5 | P40: 38 | Q40: 126.5 | R40: 74 | S40: 84.5 | T40: 45 | W40: 75 | X40: 91 | Y40: 88 | Z40: 80 | AA40: 88 | AB40: 152 | AI40: 物化生 | AJ40: 5 | AO40: 111 | AP40: 60 | AQ40: 8 | AR40: 48 | AS40: 37 | AT40: 37
A41: 缪良松 | B41: 1315230916 | C41: 32370010271 | D41: 一中 | E41: 物理类 | G41: 9 | H41: 593.5 | I41: 617.5 | J41: 39 | K41: 77 | L41: 171 | M41: 109.5 | N41: 226 | O41: 122.5 | P41: 15 | Q41: 122 | R41: 142 | S41: 80.5 | T41: 81 | W41: 74.5 | X41: 91 | Y41: 102 | Z41: 84.5 | AA41: 92 | AB41: 66 | AI41: 物化生 | AJ41: 16 | AO41: 125 | AP41: 53 | AQ41: 80 | AR41: 116 | AS41: 20 | AT41: 39
A42: 林文华 | B42: 1315230938 | C42: 32370010677 | D42: 一中 | E42: 物理类 | G42: 9 | H42: 605 | I42: 617 | J42: 40 | K42: -27 | L42: 177 | M42: 104 | N42: 450 | O42: 117.5 | P42: 46 | Q42: 121 | R42: 168 | S42: 82.5 | T42: 60 | W42: 94 | X42: 99 | Y42: 1 | Z42: 86 | AA42: 93 | AB42: 43 | AI42: 物化生 | AJ42: 38 | AO42: 38 | AP42: 39 | AQ42: 31 | AR42: 13 | AS42: 74 | AT42: 40
A43: 林正阳 | B43: 1315231001 | C43: 32370010020 | D43: 一中 | E43: 物理类 | G43: 10 | H43: 598 | I43: 616 | J43: 41 | K43: 59 | L43: 185 | M43: 105 | N43: 406 | O43: 119 | P43: 36 | Q43: 115.5 | R43: 288 | S43: 91.5 | T43: 16 | W43: 83 | X43: 94 | Y43: 22 | Z43: 84 | AA43: 91 | AB43: 75 | AI43: 物化生 | AJ43: 1 | AL43: 生物选考10.16班 | AO43: 39 | AP43: 20 | AQ43: 33 | AR43: 100 | AS43: 52 | AT43: 41
A44: 王刘栋 | B44: 1315231039 | C44: 32370010550 | D44: 一中 | E44: 物理类 | G44: 10 | H44: 576.25 | I44: 615 | J44: 42 | K44: 29 | L44: 192 | M44: 107.5 | N44: 300 | O44: 124 | P44: 9 | Q44: 127 | R44: 68 | S44: 77.5 | T44: 116 | W44: 76.5 | X44: 92 | Y44: 66 | AC44: 63.75 | AD44: 87 | AE44: 80 | AI44: 物化政 | AJ44: 39 | AO44: 113 | AP44: 41 | AQ44: 119 | AR44: 71 | AS44: 58 | AT44: 42
A45: 钟志文 | B45: 1315230932 | C45: 32370010563 | D45: 一中 | E45: 物理类 | G45: 9 | H45: 587.5 | I45: 614.5 | J45: 43 | K45: 66 | L45: 195 | M45: 108 | N45: 278 | O45: 120 | P45: 26 | Q45: 124.5 | R45: 100 | S45: 85 | T45: 42 | W45: 70.5 | X45: 89 | Y45: 152 | Z45: 79.5 | AA45: 88 | AB45: 165 | AI45: 物化生 | AJ45: 32 | AO45: 73 | AP45: 65 | AQ45: 45 | AR45: 109 | AS45: 71 | AT45: 43
A46: 郑轲文 | B46: 1315231044 | C46: 32370010676 | D46: 一中 | E46: 物理类 | G46: 10 | H46: 571.5 | I46: 614.5 | J46: 43 | K46: 81 | L46: 195 | M46: 118.5 | N46: 28 | O46: 117.5 | P46: 46 | Q46: 122.5 | R46: 130 | S46: 77 | T46: 124 | W46: 64.5 | X46: 87 | Y46: 258 | AF46: 71.5 | AG46: 92 | AH46: 5 | AI46: 物化地 | AJ46: 44 | AN46: 地理选考10.16班 | AP46: 152 | AQ46: 81 | AR46: 124 | AS46: 108 | AT46: 43
A47: 林欣宇 | B47: 1315231928 | C47: 32370010625 | D47: 一中 | E47: 物理类 | G47: 19 | H47: 593.5 | I47: 614.5 | J47: 43 | K47: 3 | L47: 195 | M47: 97.5 | N47: 678 | O47: 115.5 | P47: 57 | Q47: 120 | R47: 195 | S47: 95.5 | T47: 5 | W47: 76.5 | X47: 92 | Y47: 66 | Z47: 88.5 | AA47: 94 | AB47: 20 | AI47: 物化生 | AJ47: 28 | AO47: 32 | AP47: 56 | AQ47: 35 | AR47: 46 | AS47: 31 | AT47: 43
A48: 林志鸿 | B48: 1315231927 | C48: 32370010610 | D48: 一中 | E48: 物理类 | G48: 19 | H48: 591 | I48: 614 | J48: 46 | K48: 13 | L48: 201 | M48: 119 | N48: 21 | O48: 115.5 | P48: 57 | Q48: 121 | R48: 168 | S48: 77.5 | T48: 116 | W48: 75.5 | X48: 91 | Y48: 79 | Z48: 82.5 | AA48: 90 | AB48: 99 | AI48: 物化生 | AJ48: 27 | AO48: 31 | AP48: 65 | AQ48: 29 | AR48: 59 | AS48: 49 | AT48: 46
A49: 潘铭彦 | B49: 1315231020 | C49: 32370010334 | D49: 一中 | E49: 物理类 | G49: 10 | H49: 581.25 | I49: 614 | J49: 46 | K49: -27 | L49: 201 | M49: 111 | N49: 172 | O49: 118 | P49: 44 | Q49: 117.5 | R49: 253 | S49: 83.5 | T49: 50 | W49: 82 | X49: 94 | Y49: 29 | AC49: 69.25 | AD49: 90 | AE49: 28 | AI49: 物化政 | AJ49: 20 | AO49: 44 | AP49: 57 | AQ49: 26 | AR49: 19 | AS49: 24 | AT49: 46
A50: 陈彦宏 | B50: 1315230926 | C50: 32370010477 | D50: 一中 | E50: 物理类 | G50: 9 | H50: 598.5 | I50: 614 | J50: 46 | K50: 66 | L50: 201 | M50: 112 | N50: 138 | O50: 112 | P50: 87 | Q50: 124 | R50: 106 | S50: 78 | T50: 109 | W50: 85.5 | X50: 95 | Y50: 11 | Z50: 87 | AA50: 93 | AB50: 34 | AI50: 物化生 | AJ50: 26 | AO50: 34 | AP50: 46 | AQ50: 49 | AR50: 112 | AS50: 25 | AT50: 46
A51: 缪东昊 | B51: 1315231043 | C51: 32370010668 | D51: 一中 | E51: 物理类 | G51: 10 | H51: 592.5 | I51: 613.5 | J51: 49 | K51: -13 | L51: 209 | M51: 99 | N51: 635 | O51: 124 | P51: 9 | Q51: 112.5 | R51: 350 | S51: 94 | T51: 8 | W51: 79.5 | X51: 93 | Y51: 43 | Z51: 83.5 | AA51: 91 | AB51: 86 | AI51: 物化生 | AJ51: 43 | AL51: 生物选考10.16班 | AO51: 125 | AP51: 61 | AQ51: 60 | AR51: 36 | AS51: 25 | AT51: 49
A52: 温馨妍 | B52: 1315231041 | C52: 32370010636 | D52: 一中 | E52: 物理类 | G52: 10 | H52: 576 | I52: 612.5 | J52: 50 | L52: 215 | M52: 120 | N52: 14 | O52: 99.5 | P52: 270 | Q52: 134 | R52: 8 | S52: 77 | T52: 124 | W52: 79.5 | X52: 93 | Y52: 43 | AC52: 66 | AD52: 89 | AE52: 54 | AI52: 物化政 | AJ52: 41 | AO52: 59 | AP52: 39 | AQ52: 57 | AR52: 50 | AS52: 13 | AT52: 50
A53: 吴思睿 | B53: 1315230924 | C53: 32370010464 | D53: 一中 | E53: 物理类 | G53: 9 | H53: 589.5 | I53: 612.5 | J53: 50 | K53: 18 | L53: 215 | M53: 111.5 | N53: 155 | O53: 104.5 | P53: 186 | Q53: 124.5 | R53: 100 | S53: 88 | T53: 24 | W53: 73.5 | X53: 90 | Y53: 116 | Z53: 87.5 | AA53: 94 | AB53: 32 | AI53: 物化生 | AJ53: 24 | AO53: 25 | AP53: 5 | AQ53: 48 | AR53: 68 | AS53: 19 | AT53: 50
A54: 郑力铭 | B54: 1315231921 | C54: 32370010514 | D54: 一中 | E54: 物理类 | G54: 19 | H54: 588 | I54: 612.5 | J54: 50 | K54: -30 | L54: 215 | M54: 108.5 | N54: 258 | O54: 107.5 | P54: 129 | Q54: 125.5 | R54: 89 | S54: 89 | T54: 20 | W54: 72.5 | X54: 90 | Y54: 129 | Z54: 85 | AA54: 92 | AB54: 57 | AI54: 物化生 | AJ54: 21 | AO54: 90 | AP54: 62 | AQ54: 23 | AR54: 20 | AS54: 49 | AT54: 50
A55: 陈金云 | B55: 1315231011 | C55: 32370010201 | D55: 一中 | E55: 物理类 | G55: 10 | H55: 574.5 | I55: 612 | J55: 53 | K55: -11 | L55: 220 | M55: 111.5 | N55: 155 | O55: 117.5 | P55: 46 | Q55: 124 | R55: 106 | S55: 77 | T55: 124 | W55: 75.5 | X55: 91 | Y55: 79 | AF55: 69 | AG55: 91 | AH55: 17 | AI55: 物化地 | AJ55: 11 | AN55: 地理选考10.16班 | AO55: 85 | AP55: 62 | AQ55: 74 | AR55: 42 | AS55: 112 | AT55: 53
A56: 叶阳杰 | B56: 1315230934 | C56: 32370010566 | D56: 一中 | E56: 物理类 | G56: 9 | H56: 584 | I56: 611 | J56: 54 | K56: 84 | L56: 226 | M56: 112 | N56: 138 | O56: 116.5 | P56: 51 | Q56: 127.5 | R56: 60 | S56: 73 | T56: 181 | W56: 69 | X56: 89 | Y56: 170 | Z56: 86 | AA56: 93 | AB56: 43 | AI56: 物化生 | AJ56: 34 | AL56: 生物选考6,15班 | AO56: 141 | AP56: 154 | AQ56: 162 | AR56: 138 | AS56: 69 | AT56: 54
A57: 肖谷宇 | B57: 1315230936 | C57: 32370010572 | D57: 一中 | E57: 物理类 | G57: 9 | H57: 583.5 | I57: 610.5 | J57: 55 | K57: 41 | L57: 231 | M57: 109.5 | N57: 226 | O57: 122 | P57: 16 | Q57: 124 | R57: 106 | S57: 82 | T57: 65 | W57: 72 | X57: 90 | Y57: 137 | Z57: 74 | AA57: 83 | AB57: 265 | AI57: 物化生 | AJ57: 36 | AO57: 63 | AP57: 28 | AQ57: 98 | AR57: 96 | AS57: 143 | AT57: 55
A58: 林显峰 | B58: 1315231915 | C58: 32370010387 | D58: 一中 | E58: 物理类 | G58: 19 | H58: 588 | I58: 610.5 | J58: 55 | K58: -2 | L58: 231 | M58: 103 | N58: 487 | O58: 108.5 | P58: 110 | Q58: 134.5 | R58: 7 | S58: 83.5 | T58: 50 | W58: 78 | X58: 92 | Y58: 54 | Z58: 80.5 | AA58: 89 | AB58: 144 | AI58: 物化生 | AJ58: 15 | AL58: 生物选考10.16班 | AO58: 53 | AP58: 45 | AQ58: 37 | AR58: 53 | AS58: 52 | AT58: 55
A59: 肖铭锋 | B59: 1315230917 | C59: 32370010313 | D59: 一中 | E59: 物理类 | G59: 9 | H59: 587.5 | I59: 609 | J59: 57 | K59: -29 | L59: 246 | M59: 113 | N59: 112 | O59: 109 | P59: 108 | Q59: 122 | R59: 142 | S59: 82 | T59: 65 | W59: 80 | X59: 93 | Y59: 40 | Z59: 81.5 | AA59: 90 | AB59: 122 | AI59: 物化生 | AJ59: 17 | AO59: 27 | AP59: 67 | AQ59: 28 | AR59: 28 | AS59: 91 | AT59: 57
A60: 林义航 | B60: 1315231036 | C60: 32370010538 | D60: 一中 | E60: 物理类 | G60: 10 | H60: 581 | I60: 609 | J60: 57 | K60: -25 | L60: 246 | M60: 107.5 | N60: 300 | O60: 121 | P60: 21 | Q60: 119 | R60: 212 | S60: 83.5 | T60: 50 | W60: 67.5 | X60: 88 | Y60: 207 | Z60: 82.5 | AA60: 90 | AB60: 99 | AI60: 物化生 | AJ60: 36 | AL60: 生物选考10.16班 | AO60: 58 | AP60: 42 | AQ60: 27 | AR60: 32 | AS60: 60 | AT60: 57
A61: 李文晟 | B61: 1315230605 | C61: 32370010072 | D61: 一中 | E61: 物理类 | G61: 6 | H61: 581 | I61: 608.5 | J61: 59 | K61: 37 | L61: 256 | M61: 114 | N61: 84 | O61: 121 | P61: 21 | Q61: 116.5 | R61: 274 | S61: 79 | T61: 94 | W61: 68 | X61: 88 | Y61: 197 | Z61: 82.5 | AA61: 90 | AB61: 99 | AI61: 物化生 | AJ61: 5 | AL61: 生物选考6,15班 | AO61: 207 | AP61: 215 | AQ61: 166 | AR61: 96 | AS61: 121 | AT61: 59
A62: 林瀚东 | B62: 1315231032 | C62: 32370010537 | D62: 一中 | E62: 物理类 | G62: 10 | H62: 582 | I62: 608 | J62: 60 | K62: 11 | L62: 261 | M62: 108 | N62: 278 | O62: 109.5 | P62: 105 | Q62: 132.5 | R62: 21 | S62: 78 | T62: 109 | W62: 68.5 | X62: 88 | Y62: 182 | Z62: 85.5 | AA62: 92 | AB62: 50 | AI62: 物化生 | AJ62: 32 | AO62: 93 | AP62: 71 | AQ62: 53 | AR62: 71 | AS62: 21 | AT62: 60
A63: 吴诗芳 | B63: 1315230918 | C63: 32370010283 | D63: 一中 | E63: 物理类 | G63: 9 | H63: 578.5 | I63: 608 | J63: 60 | K63: 6 | L63: 261 | M63: 118.5 | N63: 28 | O63: 101 | P63: 245 | Q63: 122 | R63: 142 | S63: 86.5 | T63: 37 | W63: 64 | X63: 87 | Y63: 269 | Z63: 86.5 | AA63: 93 | AB63: 41 | AI63: 物化生 | AJ63: 18 | AO63: 46 | AP63: 37 | AQ63: 53 | AR63: 66 | AS63: 57 | AT63: 60
A64: 王子函 | B64: 1315230922 | C64: 32370010380 | D64: 一中 | E64: 物理类 | G64: 9 | H64: 590.5 | I64: 607.5 | J64: 62 | K64: -37 | L64: 266 | M64: 103 | N64: 487 | O64: 103.5 | P64: 207 | Q64: 124 | R64: 106 | S64: 86 | T64: 40 | W64: 82 | X64: 94 | Y64: 29 | Z64: 92 | AA64: 97 | AB64: 6 | AI64: 物化生 | AJ64: 22 | AO64: 83 | AP64: 75 | AQ64: 81 | AR64: 25 | AS64: 38 | AT64: 62
A65: 陈心妍 | B65: 1315231023 | C65: 32370010400 | D65: 一中 | E65: 物理类 | G65: 10 | H65: 581.5 | I65: 607.5 | J65: 62 | K65: 2 | L65: 266 | M65: 102.5 | N65: 511 | O65: 118.5 | P65: 38 | Q65: 127.5 | R65: 60 | S65: 77 | T65: 124 | W65: 69 | X65: 89 | Y65: 170 | Z65: 87 | AA65: 93 | AB65: 34 | AI65: 物化生 | AJ65: 23 | AL65: 生物选考10.16班 | AO65: 68 | AP65: 57 | AQ65: 81 | AR65: 64 | AS65: 141 | AT65: 62
A66: 郭睿宸 | B66: 1315230931 | C66: 32370010522 | D66: 一中 | E66: 物理类 | G66: 9 | H66: 587.5 | I66: 607.5 | J66: 62 | K66: -5 | L66: 266 | M66: 113 | N66: 112 | O66: 101 | P66: 245 | Q66: 121.5 | R66: 152 | S66: 89 | T66: 20 | W66: 84 | X66: 95 | Y66: 17 | Z66: 79 | AA66: 88 | AB66: 171 | AI66: 物化生 | AJ66: 31 | AO66: 122 | AP66: 96 | AQ66: 122 | AR66: 57 | AS66: 83 | AT66: 62
A67: 郑乐凡 | B67: 1315231004 | C67: 32370010063 | D67: 一中 | E67: 物理类 | G67: 10 | H67: 586.5 | I67: 607.5 | J67: 62 | K67: -26 | L67: 266 | M67: 122 | N67: 5 | O67: 114 | P67: 69 | Q67: 118.5 | R67: 221 | S67: 72 | T67: 195 | W67: 82 | X67: 94 | Y67: 29 | Z67: 78 | AA67: 87 | AB67: 195 | AI67: 物化生 | AJ67: 4 | AL67: 生物选考10.16班 | AO67: 65 | AP67: 53 | AQ67: 65 | AR67: 36 | AS67: 45 | AT67: 62
A68: 王千嘉 | B68: 1315231340 | C68: 32370010077 | D68: 一中 | E68: 物理类 | G68: 13 | H68: 571 | I68: 606.5 | J68: 66 | K68: -12 | L68: 283 | M68: 112 | N68: 138 | O68: 109 | P68: 108 | Q68: 128 | R68: 54 | S68: 74.5 | T68: 159 | W68: 78 | X68: 92 | Y68: 54 | AF68: 69.5 | AG68: 91 | AH68: 13 | AI68: 物化地 | AJ68: 40 | AN68: 地理选考10.16班 | AO68: 171 | AP68: 52 | AQ68: 117 | AR68: 54 | AS68: 68 | AT68: 66
A69: 许子涵 | B69: 1315231226 | C69: 32370010489 | D69: 一中 | E69: 物理类 | G69: 12 | H69: 569.5 | I69: 606 | J69: 67 | K69: 21 | L69: 291 | M69: 103 | N69: 487 | O69: 112.5 | P69: 84 | Q69: 119 | R69: 212 | S69: 87.5 | T69: 27 | W69: 69 | X69: 89 | Y69: 170 | AF69: 78.5 | AG69: 95 | AH69: 2 | AI69: 物化地 | AJ69: 27 | AO69: 93 | AP69: 82 | AQ69: 113 | AR69: 88 | AS69: 90 | AT69: 67
A70: 曾羿 | B70: 1315231014 | C70: 32370010221 | D70: 一中 | E70: 物理类 | G70: 10 | H70: 578.5 | I70: 606 | J70: 67 | K70: 113 | L70: 291 | M70: 111 | N70: 172 | O70: 115.5 | P70: 57 | Q70: 124 | R70: 106 | S70: 79.5 | T70: 89 | W70: 72 | X70: 90 | Y70: 137 | Z70: 76.5 | AA70: 86 | AB70: 222 | AI70: 物化生 | AJ70: 14 | AL70: 生物选考10.16班 | AO70: 66 | AP70: 80 | AQ70: 39 | AR70: 180 | AS70: 91 | AT70: 67
A71: 林炜婷 | B71: 1315230814 | C71: 32370010262 | D71: 一中 | E71: 物理类 | G71: 8 | H71: 580 | I71: 606 | J71: 67 | K71: 9 | L71: 291 | M71: 114.5 | N71: 74 | O71: 114 | P71: 69 | Q71: 114 | R71: 313 | S71: 81.5 | T71: 71 | W71: 67.5 | X71: 88 | Y71: 207 | Z71: 88.5 | AA71: 94 | AB71: 20 | AI71: 物化生 | AJ71: 15 | AO71: 118 | AP71: 288 | AQ71: 77 | AR71: 76 | AS71: 72 | AT71: 67
A72: 连丰锴 | B72: 1315231002 | C72: 32370010025 | D72: 一中 | E72: 物理类 | G72: 10 | H72: 562 | I72: 605.5 | J72: 70 | K72: 81 | L72: 296 | M72: 114 | N72: 84 | O72: 110 | P72: 100 | Q72: 118 | R72: 236 | S72: 85.5 | T72: 41 | W72: 70 | X72: 89 | Y72: 159 | AF72: 64.5 | AG72: 89 | AH72: 37 | AI72: 物化地 | AJ72: 2 | AN72: 地理选考10.16班 | AO72: 97 | AP72: 162 | AQ72: 107 | AR72: 151 | AS72: 114 | AT72: 70
A73: 林俊熙 | B73: 1315231005 | C73: 32370010073 | D73: 一中 | E73: 物理类 | G73: 10 | H73: 565 | I73: 605.5 | J73: 70 | K73: 13 | L73: 296 | M73: 113.5 | N73: 101 | O73: 108.5 | P73: 110 | Q73: 125 | R73: 92 | S73: 79.5 | T73: 89 | W73: 75.5 | X73: 91 | Y73: 79 | AF73: 63 | AG73: 88 | AH73: 46 | AI73: 物化地 | AJ73: 5 | AN73: 地理选考10.16班 | AO73: 87 | AP73: 73 | AQ73: 75 | AR73: 83 | AS73: 110 | AT73: 70
A74: 郑皓森 | B74: 1315230912 | C74: 32370010191 | D74: 一中 | E74: 物理类 | G74: 9 | H74: 585 | I74: 605.5 | J74: 70 | K74: 15 | L74: 296 | M74: 109.5 | N74: 226 | O74: 99 | P74: 285 | Q74: 127 | R74: 68 | S74: 84 | T74: 48 | W74: 76 | X74: 91 | Y74: 71 | Z74: 89.5 | AA74: 95 | AB74: 16 | AI74: 物化生 | AJ74: 12 | AO74: 70 | AP74: 35 | AQ74: 46 | AR74: 85 | AS74: 52 | AT74: 70
A75: 郑皓元 | B75: 1315230907 | C75: 32370010146 | D75: 一中 | E75: 物理类 | G75: 9 | H75: 579.5 | I75: 605.5 | J75: 70 | K75: -48 | L75: 296 | M75: 115.5 | N75: 55 | O75: 106.5 | P75: 153 | Q75: 126.5 | R75: 74 | S75: 76 | T75: 142 | W75: 71.5 | X75: 90 | Y75: 144 | Z75: 83.5 | AA75: 91 | AB75: 86 | AI75: 物化生 | AJ75: 7 | AO75: 82 | AP75: 32 | AQ75: 53 | AR75: 22 | AS75: 47 | AT75: 70
A76: 王涵烨 | B76: 1315231119 | C76: 32370010421 | D76: 一中 | E76: 物理类 | G76: 11 | H76: 563.5 | I76: 604.5 | J76: 74 | K76: 31 | L76: 310 | M76: 112.5 | N76: 128 | O76: 106 | P76: 160 | Q76: 127 | R76: 68 | S76: 80 | T76: 85 | W76: 68.5 | X76: 88 | Y76: 182 | AF76: 69.5 | AG76: 91 | AH76: 13 | AI76: 物化地 | AJ76: 19 | AO76: 130 | AP76: 258 | AQ76: 90 | AR76: 105 | AS76: 103 | AT76: 74
A77: 陈进 | B77: 1315230943 | C77: 32370010651 | D77: 一中 | E77: 物理类 | G77: 9 | H77: 579 | I77: 604 | J77: 75 | K77: -15 | L77: 313 | M77: 122 | N77: 5 | O77: 94.5 | P77: 374 | Q77: 135 | R77: 6 | S77: 71.5 | T77: 200 | W77: 74.5 | X77: 91 | Y77: 102 | Z77: 81.5 | AA77: 90 | AB77: 122 | AI77: 物化生 | AJ77: 43 | AL77: 生物选考6,15班 | AO77: 78 | AP77: 90 | AQ77: 66 | AR77: 60 | AS77: 114 | AT77: 75
A78: 刘孝斌 | B78: 1315231040 | C78: 32370010593 | D78: 一中 | E78: 物理类 | G78: 10 | H78: 561.75 | I78: 603.5 | J78: 76 | K78: 92 | L78: 315 | M78: 120.5 | N78: 12 | O78: 100.5 | P78: 253 | Q78: 118 | R78: 236 | S78: 86.5 | T78: 37 | W78: 69.5 | X78: 89 | Y78: 165 | AC78: 66.75 | AD78: 89 | AE78: 46 | AI78: 物化政 | AJ78: 40 | AO78: 150 | AP78: 217 | AQ78: 151 | AR78: 168 | AS78: 171 | AT78: 76
A79: 范骐菁 | B79: 1315231033 | C79: 32370010525 | D79: 一中 | E79: 物理类 | G79: 10 | H79: 563.5 | I79: 603.5 | J79: 76 | K79: 65 | L79: 315 | M79: 111 | N79: 172 | O79: 116 | P79: 54 | Q79: 117.5 | R79: 253 | S79: 77 | T79: 124 | W79: 66.5 | X79: 88 | Y79: 220 | AC79: 75.5 | AD79: 94 | AE79: 7 | AI79: 物化政 | AJ79: 33 | AO79: 122 | AP79: 78 | AQ79: 84 | AR79: 141 | AS79: 205 | AT79: 76
A80: 阮曦丞 | B80: 1315231003 | C80: 32370010052 | D80: 一中 | E80: 物理类 | G80: 10 | H80: 573.5 | I80: 602.5 | J80: 78 | K80: 262 | L80: 326 | M80: 109.5 | N80: 226 | O80: 111 | P80: 91 | Q80: 123.5 | R80: 117 | S80: 79.5 | T80: 89 | W80: 67 | X80: 88 | Y80: 216 | Z80: 83 | AA80: 91 | AB80: 91 | AI80: 物化生 | AJ80: 3 | AL80: 生物选考10.16班 | AO80: 231 | AP80: 99 | AQ80: 75 | AR80: 340 | AS80: 148 | AT80: 78
A81: 潘雨彤 | B81: 1315230928 | C81: 32370010494 | D81: 一中 | E81: 物理类 | G81: 9 | H81: 577 | I81: 602 | J81: 79 | K81: -64 | L81: 332 | M81: 116.5 | N81: 40 | O81: 97 | P81: 330 | Q81: 132.5 | R81: 21 | S81: 77 | T81: 124 | W81: 73.5 | X81: 90 | Y81: 116 | Z81: 80.5 | AA81: 89 | AB81: 144 | AI81: 物化生 | AJ81: 28 | AO81: 59 | AP81: 28 | AQ81: 61 | AR81: 15 | AS81: 31 | AT81: 79
A82: 阮晨曦 | B82: 1315230940 | C82: 32370010648 | D82: 一中 | E82: 物理类 | G82: 9 | H82: 572.5 | I82: 601.5 | J82: 80 | K82: 35 | L82: 337 | M82: 106.5 | N82: 346 | O82: 99.5 | P82: 270 | Q82: 124 | R82: 106 | S82: 92.5 | T82: 13 | W82: 66.5 | X82: 88 | Y82: 220 | Z82: 83.5 | AA82: 91 | AB82: 86 | AI82: 物化生 | AJ82: 40 | AO82: 95 | AP82: 139 | AQ82: 111 | AR82: 115 | AS82: 95 | AT82: 80
A83: 何颢祯 | B83: 1315231018 | C83: 32370010305 | D83: 一中 | E83: 物理类 | G83: 10 | H83: 581.5 | I83: 601.5 | J83: 80 | K83: -42 | L83: 337 | M83: 101 | N83: 561 | O83: 115.5 | P83: 57 | Q83: 109.5 | R83: 424 | S83: 92.5 | T83: 13 | W83: 81 | X83: 93 | Y83: 35 | Z83: 82 | AA83: 90 | AB83: 111 | AI83: 物化生 | AJ83: 18 | AL83: 生物选考10.16班 | AO83: 113 | AP83: 50 | AQ83: 33 | AR83: 38 | AS83: 101 | AT83: 80
A84: 林泉杰 | B84: 1315231318 | C84: 32370010178 | D84: 一中 | E84: 物理类 | G84: 13 | H84: 562 | I84: 601 | J84: 82 | K84: -1 | L84: 340 | M84: 108 | N84: 278 | O84: 102.5 | P84: 220 | Q84: 123.5 | R84: 117 | S84: 87 | T84: 32 | W84: 75.5 | X84: 91 | Y84: 79 | AF84: 65.5 | AG84: 89 | AH84: 30 | AI84: 物化地 | AJ84: 18 | AO84: 134 | AP84: 51 | AQ84: 86 | AR84: 81 | AS84: 173 | AT84: 82
A85: 陈梓杰 | B85: 1315230911 | C85: 32370010214 | D85: 一中 | E85: 物理类 | G85: 9 | H85: 577.5 | I85: 600.5 | J85: 83 | K85: 22 | L85: 343 | M85: 108 | N85: 278 | O85: 120 | P85: 26 | Q85: 121.5 | R85: 152 | S85: 72 | T85: 195 | W85: 77.5 | X85: 92 | Y85: 60 | Z85: 78.5 | AA85: 87 | AB85: 181 | AI85: 物化生 | AJ85: 11 | AO85: 63 | AP85: 57 | AQ85: 133 | AR85: 105 | AS85: 83 | AT85: 83
A86: 刘禹良 | B86: 1315231012 | C86: 32370010216 | D86: 一中 | E86: 物理类 | G86: 10 | H86: 558.75 | I86: 600 | J86: 84 | K86: 1 | L86: 355 | M86: 105 | N86: 406 | O86: 104.5 | P86: 186 | Q86: 126 | R86: 83 | S86: 86.5 | T86: 37 | W86: 72 | X86: 90 | Y86: 137 | AC86: 64.75 | AD86: 88 | AE86: 68 | AI86: 物化政 | AJ86: 12 | AO86: 162 | AP86: 179 | AQ86: 71 | AR86: 85 | AS86: 248 | AT86: 84
A87: 张倍思杰 | B87: 1315231021 | C87: 32370010346 | D87: 一中 | E87: 物理类 | G87: 10 | H87: 557 | I87: 600 | J87: 84 | K87: 72 | L87: 355 | M87: 116.5 | N87: 40 | O87: 122 | P87: 16 | Q87: 117 | R87: 264 | S87: 67.5 | T87: 275 | W87: 61 | X87: 84 | Y87: 332 | AC87: 73 | AD87: 93 | AE87: 15 | AI87: 物化政 | AJ87: 21 | AO87: 166 | AP87: 94 | AQ87: 162 | AR87: 156 | AS87: 230 | AT87: 84
A88: 陈一诺 | B88: 1315231006 | C88: 32370010075 | D88: 一中 | E88: 物理类 | G88: 10 | H88: 578.5 | I88: 599.5 | J88: 86 | K88: -46 | L88: 362 | M88: 112.5 | N88: 128 | O88: 107 | P88: 142 | Q88: 124 | R88: 106 | S88: 73 | T88: 181 | W88: 78 | X88: 92 | Y88: 54 | Z88: 84 | AA88: 91 | AB88: 75 | AI88: 物化生 | AJ88: 6 | AL88: 生物选考10.16班 | AO88: 90 | AP88: 46 | AQ88: 61 | AR88: 40 | AS88: 62 | AT88: 86
A89: 陈凌冉 | B89: 1315231031 | C89: 32370010515 | D89: 一中 | E89: 物理类 | G89: 10 | H89: 579 | I89: 599.5 | J89: 86 | K89: -39 | L89: 362 | M89: 109 | N89: 245 | O89: 107.5 | P89: 129 | Q89: 120.5 | R89: 180 | S89: 77.5 | T89: 116 | W89: 79.5 | X89: 93 | Y89: 43 | Z89: 85 | AA89: 92 | AB89: 57 | AI89: 物化生 | AJ89: 31 | AL89: 生物选考10.16班 | AO89: 35 | AP89: 128 | AQ89: 53 | AR89: 47 | AS89: 86 | AT89: 86
A90: 薛鑫杰 | B90: 1315230806 | C90: 32370010100 | D90: 一中 | E90: 物理类 | G90: 8 | H90: 571 | I90: 599.5 | J90: 86 | K90: -44 | L90: 362 | M90: 112 | N90: 138 | O90: 108.5 | P90: 110 | Q90: 119 | R90: 212 | S90: 81 | T90: 76 | W90: 66 | X90: 87 | Y90: 232 | Z90: 84.5 | AA90: 92 | AB90: 66 | AI90: 物化生 | AJ90: 6 | AO90: 45 | AP90: 191 | AQ90: 100 | AR90: 42 | AS90: 112 | AT90: 86
A91: 苏鑫 | B91: 1315230915 | C91: 32370010265 | D91: 一中 | E91: 物理类 | G91: 9 | H91: 570.5 | I91: 599 | J91: 89 | K91: 4 | L91: 371 | M91: 111.5 | N91: 155 | O91: 118.5 | P91: 38 | Q91: 110 | R91: 408 | S91: 81 | T91: 76 | W91: 67 | X91: 88 | Y91: 216 | Z91: 82.5 | AA91: 90 | AB91: 99 | AI91: 物化生 | AJ91: 15 | AO91: 51 | AP91: 75 | AQ91: 101 | AR91: 93 | AS91: 146 | AT91: 89
A92: 连国宇 | B92: 1315230908 | C92: 32370010187 | D92: 一中 | E92: 物理类 | G92: 9 | H92: 576 | I92: 599 | J92: 89 | K92: 13 | L92: 371 | M92: 115 | N92: 66 | O92: 96.5 | P92: 342 | Q92: 126.5 | R92: 74 | S92: 80 | T92: 85 | W92: 76 | X92: 91 | Y92: 71 | Z92: 82 | AA92: 90 | AB92: 111 | AI92: 物化生 | AJ92: 8 | AO92: 110 | AP92: 28 | AQ92: 157 | AR92: 102 | AS92: 80 | AT92: 89
A93: 郑嘉琪 | B93: 1315230632 | C93: 32370010598 | D93: 一中 | E93: 物理类 | G93: 6 | H93: 567 | I93: 599 | J93: 89 | K93: 111 | L93: 371 | M93: 107 | N93: 325 | O93: 128 | P93: 4 | Q93: 120.5 | R93: 180 | S93: 75.5 | T93: 151 | W93: 62 | X93: 85 | Y93: 312 | Z93: 74 | AA93: 83 | AB93: 265 | AI93: 物化生 | AJ93: 32 | AL93: 生物选考6,15班 | AO93: 145 | AP93: 147 | AQ93: 136 | AR93: 200 | AS93: 294 | AT93: 89
A94: 江奥阳 | B94: 1315230543 | C94: 32370010694 | D94: 一中 | E94: 物理类 | G94: 5 | H94: 577.5 | I94: 598.5 | J94: 92 | K94: -16 | L94: 380 | M94: 110 | N94: 209 | O94: 108 | P94: 119 | Q94: 121.5 | R94: 152 | S94: 75 | T94: 156 | W94: 78 | X94: 92 | Y94: 54 | Z94: 85 | AA94: 92 | AB94: 57 | AI94: 物化生 | AJ94: 43 | AO94: 111 | AP94: 118 | AQ94: 149 | AR94: 76 | AS94: 43 | AT94: 92
A95: 王翔禾 | B95: 1315230906 | C95: 32370010093 | D95: 一中 | E95: 物理类 | G95: 9 | H95: 575.5 | I95: 598.5 | J95: 92 | K95: 112 | L95: 380 | M95: 106.5 | N95: 346 | O95: 109.5 | P95: 105 | Q95: 122.5 | R95: 130 | S95: 77 | T95: 124 | W95: 75 | X95: 91 | Y95: 88 | Z95: 85 | AA95: 92 | AB95: 57 | AI95: 物化生 | AJ95: 6 | AO95: 17 | AP95: 67 | AQ95: 230 | AR95: 204 | AS95: 157 | AT95: 92
A96: 范铭东 | B96: 1315230942 | C96: 32370010557 | D96: 一中 | E96: 物理类 | G96: 9 | H96: 575 | I96: 597.5 | J96: 94 | K96: -62 | L96: 395 | M96: 103 | N96: 487 | O96: 104 | P96: 193 | Q96: 130.5 | R96: 32 | S96: 87 | T96: 32 | W96: 79 | X96: 93 | Y96: 50 | Z96: 71.5 | AA96: 80 | AB96: 310 | AI96: 物化生 | AJ96: 42 | AO96: 28 | AP96: 85 | AQ96: 70 | AR96: 32 | AS96: 69 | AT96: 94
A97: 詹茜匀 | B97: 1315231902 | C97: 32370010084 | D97: 一中 | E97: 物理类 | G97: 19 | H97: 572.5 | I97: 597.5 | J97: 94 | K97: -30 | L97: 395 | M97: 116.5 | N97: 40 | O97: 101.5 | P97: 235 | Q97: 137 | R97: 1 | S97: 63.5 | T97: 342 | W97: 74 | X97: 91 | Y97: 110 | Z97: 80 | AA97: 88 | AB97: 152 | AI97: 物化生 | AJ97: 2 | AO97: 13 | AP97: 154 | AQ97: 91 | AR97: 64 | AS97: 73 | AT97: 94
A98: 兰子涵 | B98: 1315231930 | C98: 32370010670 | D98: 一中 | E98: 物理类 | G98: 19 | H98: 574.5 | I98: 597 | J98: 96 | K98: -52 | L98: 403 | M98: 109 | N98: 245 | O98: 98.5 | P98: 298 | Q98: 124.5 | R98: 100 | S98: 82 | T98: 65 | W98: 76 | X98: 91 | Y98: 71 | Z98: 84.5 | AA98: 92 | AB98: 66 | AI98: 物化生 | AJ98: 30 | AO98: 41 | AP98: 18 | AQ98: 14 | AR98: 44 | AS98: 9 | AT98: 96
A99: 刘若铃 | B99: 1315230929 | C99: 32370010450 | D99: 一中 | E99: 物理类 | G99: 9 | H99: 565 | I99: 597 | J99: 96 | K99: 5 | L99: 403 | M99: 116 | N99: 51 | O99: 113.5 | P99: 77 | Q99: 127.5 | R99: 60 | S99: 69 | T99: 251 | W99: 58 | X99: 82 | Y99: 385 | Z99: 81 | AA99: 89 | AB99: 132 | AI99: 物化生 | AJ99: 29 | AO99: 155 | AP99: 90 | AQ99: 101 | AR99: 101 | AS99: 93 | AT99: 96
A100: 吴思恺 | B100: 1315230930 | C100: 32370010511 | D100: 一中 | E100: 物理类 | G100: 9 | H100: 578 | I100: 597 | J100: 96 | K100: -18 | L100: 403 | M100: 103.5 | N100: 470 | O100: 110 | P100: 100 | Q100: 116.5 | R100: 274 | S100: 79 | T100: 94 | W100: 79.5 | X100: 93 | Y100: 43 | Z100: 89.5 | AA100: 95 | AB100: 16 | AI100: 物化生 | AJ100: 30 | AO100: 78 | AP100: 93 | AQ100: 84 | AR100: 78 | AS100: 143 | AT100: 96
A101: 缪有宸 | B101: 1315230404 | C101: 32370010064 | D101: 一中 | E101: 物理类 | G101: 4 | H101: 569.5 | I101: 596.5 | J101: 99 | K101: 96 | L101: 409 | M101: 111 | N101: 172 | O101: 108 | P101: 119 | Q101: 119.5 | R101: 200 | S101: 81 | T101: 76 | W101: 72.5 | X101: 90 | Y101: 129 | Z101: 77.5 | AA101: 87 | AB101: 204 | AI101: 物化生 | AJ101: 4 | AO101: 127 | AP101: 160 | AQ101: 147 | AR101: 195 | AS101: 162 | AT101: 99
A102: 罗子翔 | B102: 1315230736 | C102: 32370010697 | D102: 一中 | E102: 物理类 | G102: 7 | H102: 571.25 | I102: 596 | J102: 100 | K102: -42 | L102: 416 | M102: 106 | N102: 361 | O102: 107.5 | P102: 129 | Q102: 117 | R102: 264 | S102: 87.5 | T102: 27 | W102: 75.5 | X102: 91 | Y102: 79 | Z102: 77.75 | AA102: 87 | AB102: 203 | AI102: 物化生 | AJ102: 36 | AO102: 130 | AP102: 147 | AQ102: 41 | AR102: 58 | AS102: 78 | AT102: 100
...

Sheet 总分(一中)
A1: 姓名 | B1: 考号 | C1: 学号 | D1: 学籍校 | E1: 科类 | F1: 备注 | G1: 班级 | H1: 总分 | I1: 赋分总分 | J1: 赋分总分排名 | K1: 进退步 | L1: 联考排名 | M1: 语文 | N1: 语文排名 | O1: 数学 | P1: 数学排名 | Q1: 英语 | R1: 英语排名 | S1: 物理 | T1: 物理排名 | U1: 历史 | V1: 历史排名 | W1: 化学 | X1: 化学赋分 | Y1: 化学排名 | Z1: 生物 | AA1: 生物赋分 | AB1: 生物排名 | AC1: 政治 | AD1: 政治赋分 | AE1: 政治排名 | AF1: 地理 | AG1: 地理赋分 | AH1: 地理排名 | AI1: 选科 | AJ1: 座号 | AK1: 化学教学班名称 | AL1: 生物教学班名称 | AM1: 政治教学班名称 | AN1: 地理教学班名称 | AO1: 上月考1排名 | AP1: 上月考2排名 | AQ1: 上月考4排名 | AR1: 上月考5排名 | AS1: 上半期考排名 | AT1: 上期末考排名
A2: 钟亿杨 | B2: 1315231925 | C2: 32370010581 | D2: 一中 | E2: 物理类 | G2: 19 | H2: 646 | I2: 669.5 | J2: 1 | K2: 3 | L2: 2 | M2: 115 | N2: 66 | O2: 131.5 | P2: 3 | Q2: 136 | R2: 3 | S2: 99 | T2: 2 | W2: 71.5 | X2: 90 | Y2: 144 | Z2: 93 | AA2: 98 | AB2: 4 | AI2: 物化生 | AJ2: 25 | AO2: 1 | AP2: 3 | AQ2: 1 | AR2: 4 | AS2: 11 | AT2: 1
A3: 吴凯杰 | B3: 1315231916 | C3: 32370010490 | D3: 一中 | E3: 物理类 | G3: 19 | H3: 631 | I3: 649 | J3: 2 | K3: 11 | L3: 23 | M3: 118.5 | N3: 28 | O3: 117.5 | P3: 46 | Q3: 132.5 | R3: 21 | S3: 94.5 | T3: 6 | W3: 83.5 | X3: 94 | Y3: 21 | Z3: 84.5 | AA3: 92 | AB3: 66 | AI3: 物化生 | AJ3: 16 | AO3: 15 | AP3: 1 | AQ3: 2 | AR3: 13 | AS3: 4 | AT3: 2
A4: 王紫儒 | B4: 1315231910 | C4: 32370010278 | D4: 一中 | E4: 物理类 | G4: 19 | H4: 629 | I4: 648.5 | J4: 3 | K4: 24 | L4: 25 | M4: 119 | N4: 21 | O4: 119.5 | P4: 33 | Q4: 131 | R4: 29 | S4: 91 | T4: 17 | W4: 79 | X4: 93 | Y4: 50 | Z4: 89.5 | AA4: 95 | AB4: 16 | AI4: 物化生 | AJ4: 10 | AO4: 12 | AP4: 8 | AQ4: 18 | AR4: 27 | AS4: 29 | AT4: 3
A5: 缪轩 | B5: 1315231931 | C5: 32370010699 | D5: 一中 | E5: 物理类 | G5: 19 | H5: 631.5 | I5: 646.5 | J5: 4 | K5: 8 | L5: 28 | M5: 113.5 | N5: 101 | O5: 120 | P5: 26 | Q5: 133 | R5: 12 | S5: 94 | T5: 8 | W5: 92 | X5: 98 | Y5: 2 | Z5: 79 | AA5: 88 | AB5: 171 | AI5: 物化生 | AJ5: 31 | AO5: 29 | AP5: 16 | AQ5: 16 | AR5: 12 | AS5: 14 | AT5: 4
A6: 王铮文 | B6: 1315231924 | C6: 32370010573 | D6: 一中 | E6: 物理类 | G6: 19 | H6: 622.5 | I6: 646.5 | J6: 4 | K6: 25 | L6: 28 | M6: 119 | N6: 21 | O6: 137.5 | P6: 1 | Q6: 123 | R6: 123 | S6: 85 | T6: 42 | W6: 74 | X6: 91 | Y6: 110 | Z6: 84 | AA6: 91 | AB6: 75 | AI6: 物化生 | AJ6: 24 | AO6: 18 | AP6: 67 | AQ6: 46 | AR6: 29 | AS6: 63 | AT6: 4
A7: 谢政良 | B7: 1315231010 | C7: 32370010134 | D7: 一中 | E7: 物理类 | G7: 10 | H7: 625.5 | I7: 644 | J7: 6 | K7: 18 | L7: 31 | M7: 107.5 | N7: 300 | O7: 132 | P7: 2 | Q7: 121 | R7: 168 | S7: 99.5 | T7: 1 | W7: 84.5 | X7: 95 | Y7: 14 | Z7: 81 | AA7: 89 | AB7: 132 | AI7: 物化生 | AJ7: 10 | AL7: 生物选考10.16班 | AO7: 41 | AP7: 48 | AQ7: 37 | AR7: 24 | AS7: 3 | AT7: 6
A8: 缪定衡 | B8: 1315231909 | C8: 32370010238 | D8: 一中 | E8: 物理类 | G8: 19 | H8: 628.5 | I8: 643.5 | J8: 7 | K8: 48 | L8: 33 | M8: 121 | N8: 9 | O8: 123 | P8: 13 | Q8: 131 | R8: 29 | S8: 78.5 | T8: 100 | W8: 86.5 | X8: 96 | Y8: 7 | Z8: 88.5 | AA8: 94 | AB8: 20 | AI8: 物化生 | AJ8: 9 | AO8: 21 | AP8: 132 | AQ8: 12 | AR8: 55 | AS8: 45 | AT8: 7
A9: 许皓 | B9: 1315231920 | C9: 32370010542 | D9: 一中 | E9: 物理类 | G9: 19 | H9: 625 | I9: 642 | J9: 8 | K9: 33 | L9: 36 | M9: 115.5 | N9: 55 | O9: 120 | P9: 26 | Q9: 136.5 | R9: 2 | S9: 84 | T9: 48 | W9: 86.5 | X9: 96 | Y9: 7 | Z9: 82.5 | AA9: 90 | AB9: 99 | AI9: 物化生 | AJ9: 20 | AO9: 11 | AP9: 33 | AQ9: 15 | AR9: 41 | AS9: 22 | AT9: 8
A10: 蔡源培 | B10: 1315231914 | C10: 32370010368 | D10: 一中 | E10: 物理类 | G10: 19 | H10: 619 | I10: 642 | J10: 8 | K10: -3 | L10: 36 | M10: 119.5 | N10: 17 | O10: 125.5 | P10: 7 | Q10: 133 | R10: 12 | S10: 82 | T10: 65 | W10: 73.5 | X10: 90 | Y10: 116 | Z10: 85.5 | AA10: 92 | AB10: 50 | AI10: 物化生 | AJ10: 14 | AO10: 21 | AP10: 3 | AQ10: 10 | AR10: 5 | AS10: 7 | AT10: 8
A11: 陈文杰 | B11: 1315231923 | C11: 32370010571 | D11: 一中 | E11: 物理类 | G11: 19 | H11: 621 | I11: 641.5 | J11: 10 | K11: 19 | L11: 38 | M11: 116 | N11: 51 | O11: 115.5 | P11: 57 | Q11: 129.5 | R11: 46 | S11: 92.5 | T11: 13 | W11: 77 | X11: 92 | Y11: 62 | Z11: 90.5 | AA11: 96 | AB11: 10 | AI11: 物化生 | AJ11: 23 | AO11: 6 | AP11: 44 | AQ11: 21 | AR11: 29 | AS11: 6 | AT11: 10
A12: 郭嘉铭 | B12: 1315231932 | C12: 32370010708 | D12: 一中 | E12: 物理类 | G12: 19 | H12: 627.5 | I12: 641.5 | J12: 10 | K12: -8 | L12: 38 | M12: 108.5 | N12: 258 | O12: 115 | P12: 64 | Q12: 136 | R12: 3 | S12: 89 | T12: 20 | W12: 85 | X12: 95 | Y12: 12 | Z12: 94 | AA12: 98 | AB12: 1 | AI12: 物化生 | AJ12: 32 | AO12: 73 | AP12: 23 | AQ12: 4 | AR12: 2 | AS12: 15 | AT12: 10
A13: 赵晨悦 | B13: 1315231907 | C13: 32370010203 | D13: 一中 | E13: 物理类 | G13: 19 | H13: 625.5 | I13: 641.5 | J13: 10 | K13: -7 | L13: 38 | M13: 113.5 | N13: 101 | O13: 118 | P13: 44 | Q13: 129 | R13: 49 | S13: 93 | T13: 12 | W13: 86 | X13: 95 | Y13: 10 | Z13: 86 | AA13: 93 | AB13: 43 | AI13: 物化生 | AJ13: 7 | AO13: 19 | AP13: 2 | AQ13: 6 | AR13: 3 | AS13: 35 | AT13: 10
A14: 黄熙杰 | B14: 1315231918 | C14: 32370010520 | D14: 一中 | E14: 物理类 | G14: 19 | H14: 621 | I14: 640 | J14: 13 | K14: 8 | L14: 48 | M14: 112 | N14: 138 | O14: 128 | P14: 4 | Q14: 125 | R14: 92 | S14: 88 | T14: 24 | W14: 78 | X14: 92 | Y14: 54 | Z14: 90 | AA14: 95 | AB14: 13 | AI14: 物化生 | AJ14: 18 | AO14: 54 | AP14: 10 | AQ14: 7 | AR14: 21 | AS14: 5 | AT14: 13
A15: 范志华 | B15: 1315230923 | C15: 32370010383 | D15: 一中 | E15: 物理类 | G15: 9 | H15: 622 | I15: 639 | J15: 14 | K15: 30 | L15: 52 | M15: 112 | N15: 138 | O15: 122 | P15: 16 | Q15: 136 | R15: 3 | S15: 81 | T15: 76 | W15: 82.5 | X15: 94 | Y15: 26 | Z15: 88.5 | AA15: 94 | AB15: 20 | AI15: 物化生 | AJ15: 23 | AO15: 36 | AP15: 27 | AQ15: 63 | AR15: 44 | AS15: 31 | AT15: 14
A16: 王晗鉴 | B16: 1315231933 | C16: 32370010748 | D16: 一中 | E16: 物理类 | G16: 19 | H16: 615.5 | I16: 637.5 | J16: 15 | K16: -14 | L16: 58 | M16: 114.5 | N16: 74 | O16: 114 | P16: 69 | Q16: 130.5 | R16: 32 | S16: 94.5 | T16: 6 | W16: 75 | X16: 91 | Y16: 88 | Z16: 87 | AA16: 93 | AB16: 34 | AI16: 物化生 | AJ16: 33 | AO16: 4 | AP16: 15 | AQ16: 3 | AR16: 1 | AS16: 1 | AT16: 15
A17: 郭思辰 | B17: 1315230937 | C17: 32370010568 | D17: 一中 | E17: 物理类 | G17: 9 | H17: 621.5 | I17: 634.5 | J17: 16 | K17: 1 | L17: 70 | M17: 111 | N17: 172 | O17: 117.5 | P17: 46 | Q17: 127 | R17: 68 | S17: 88 | T17: 24 | W17: 92 | X17: 98 | Y17: 2 | Z17: 86 | AA17: 93 | AB17: 43 | AI17: 物化生 | AJ17: 37 | AO17: 2 | AP17: 7 | AQ17: 19 | AR17: 17 | AS17: 56 | AT17: 16
A18: 王毓华 | B18: 1315231929 | C18: 32370010656 | D18: 一中 | E18: 物理类 | G18: 19 | H18: 611.5 | I18: 634 | J18: 17 | K18: 61 | L18: 74 | M18: 116.5 | N18: 40 | O18: 122 | P18: 16 | Q18: 125.5 | R18: 89 | S18: 85 | T18: 42 | W18: 74.5 | X18: 91 | Y18: 102 | Z18: 88 | AA18: 94 | AB18: 28 | AI18: 物化生 | AJ18: 29 | AO18: 32 | AP18: 8 | AQ18: 24 | AR18: 78 | AS18: 2 | AT18: 17
A19: 杨皓程 | B19: 1315231901 | C19: 32370010024 | D19: 一中 | E19: 物理类 | G19: 19 | H19: 620.5 | I19: 633 | J19: 18 | K19: -12 | L19: 79 | M19: 113.5 | N19: 101 | O19: 110.5 | P19: 96 | Q19: 126.5 | R19: 74 | S19: 87.5 | T19: 27 | W19: 89 | X19: 97 | Y19: 5 | Z19: 93.5 | AA19: 98 | AB19: 3 | AI19: 物化生 | AJ19: 1 | AO19: 13 | AP19: 6 | AQ19: 52 | AR19: 6 | AS19: 40 | AT19: 18
... A22: 王梓棋 | B22: 1315231912 | C22: 32370010297 | D22: 一中 | E22: 物理类 | G22: 19 | H22: 605.5 | I22: 629 | J22: 21 | K22: -14 | L22: 96 | M22: 111.5 | N22: 155 | O22: 120 | P22: 26 | Q22: 127.5 | R22: 60 | S22: 87 | T22: 32 | W22: 71 | X22: 89 | Y22: 149 | Z22: 88.5 | AA22: 94 | AB22: 20 | AI22: 物化生 | AJ22: 12 | AO22: 3 | AP22: 13 | AQ22: 11 | AR22: 7 | AS22: 35 | AT22: 21
A23: 张栩芸 | B23: 1315231922 | C23: 32370010509 | D23: 一中 | E23: 物理类 | G23: 19 | H23: 610.5 | I23: 628.5 | J23: 22 | K23: 17 | L23: 98 | M23: 113 | N23: 112 | O23: 123 | P23: 13 | Q23: 111.5 | R23: 371 | S23: 94 | T23: 8 | W23: 84.5 | X23: 95 | Y23: 14 | Z23: 84.5 | AA23: 92 | AB23: 66 | AI23: 物化生 | AJ23: 22 | AL23: 生物选考10.16班 | AO23: 39 | AP23: 33 | AQ23: 22 | AR23: 39 | AS23: 17 | AT23: 22
A24: 郭力文 | B24: 1315231911 | C24: 32370010290 | D24: 一中 | E24: 物理类 | G24: 19 | H24: 617 | I24: 627 | J24: 23 | K24: 8 | L24: 104 | M24: 113.5 | N24: 101 | O24: 119 | P24: 36 | Q24: 129.5 | R24: 46 | S24: 70 | T24: 226 | W24: 91 | X24: 97 | Y24: 4 | Z24: 94 | AA24: 98 | AB24: 1 | AI24: 物化生 | AJ24: 11 | AO24: 8 | AP24: 21 | AQ24: 30 | AR24: 31 | AS24: 11 | AT24: 23
A25: 黄陈栩 | B25: 1315231015 | C25: 32370010268 | D25: 一中 | E25: 物理类 | G25: 10 | H25: 592.75 | I25: 627 | J25: 23 | K25: 28 | L25: 104 | M25: 116.5 | N25: 40 | O25: 105.5 | P25: 170 | Q25: 133 | R25: 12 | S25: 87 | T25: 32 | W25: 77 | X25: 92 | Y25: 62 | AC25: 73.75 | AD25: 93 | AE25: 12 | AI25: 物化政 | AJ25: 15 | AO25: 10 | AP25: 35 | AQ25: 49 | AR25: 51 | AS25: 51 | AT25: 23
A26: 李彦德 | B26: 1315230921 | C26: 32370010267 | D26: 一中 | E26: 物理类 | G26: 9 | H26: 605 | I26: 626 | J26: 25 | K26: 78 | L26: 111 | M26: 116.5 | N26: 40 | O26: 116 | P26: 54 | Q26: 120.5 | R26: 180 | S26: 87 | T26: 32 | W26: 75 | X26: 91 | Y26: 88 | Z26: 90 | AA26: 95 | AB26: 13 | AI26: 物化生 | AJ26: 21 | AO26: 43 | AP26: 12 | AQ26: 39 | AR26: 103 | AS26: 43 | AT26: 25
A27: 谢莹莹 | B27: 1315231906 | C27: 32370010152 | D27: 一中 | E27: 物理类 | G27: 19 | H27: 602.5 | I27: 625.5 | J27: 26 | K27: 34 | L27: 116 | M27: 119 | N27: 21 | O27: 120.5 | P27: 23 | Q27: 133.5 | R27: 9 | S27: 69.5 | T27: 241 | W27: 74.5 | X27: 91 | Y27: 102 | Z27: 85.5 | AA27: 92 | AB27: 50 | AI27: 物化生 | AJ27: 6 | AO27: 68 | AP27: 26 | AQ27: 51 | AR27: 60 | AS27: 89 | AT27: 26
A28: 李想 | B28: 1315231913 | C28: 32370010331 | D28: 一中 | E28: 物理类 | G28: 19 | H28: 604 | I28: 624.5 | J28: 27 | K28: -5 | L28: 121 | M28: 113.5 | N28: 101 | O28: 110.5 | P28: 96 | Q28: 129 | R28: 49 | S28: 83.5 | T28: 50 | W28: 76.5 | X28: 92 | Y28: 66 | Z28: 91 | AA28: 96 | AB28: 9 | AI28: 物化生 | AJ28: 13 | AO28: 76 | AP28: 31 | AQ28: 25 | AR28: 22 | AS28: 30 | AT28: 27
A29: 郑楷杰 | B29: 1315231046 | C29: 32370010707 | D29: 一中 | E29: 物理类 | G29: 10 | H29: 599.5 | I29: 624.5 | J29: 27 | K29: 51 | L29: 121 | M29: 123 | N29: 3 | O29: 94 | P29: 381 | Q29: 131 | R29: 29 | S29: 84.5 | T29: 45 | W29: 84 | X29: 95 | Y29: 17 | AF29: 83 | AG29: 97 | AH29: 1 | AI29: 物化地 | AJ29: 46 | AN29: 地理选考10.16班 | AO29: 5 | AP29: 110 | AQ29: 674 | AR29: 78 | AS29: 27 | AT29: 27
A30: 杨镇宏 | B30: 1315231903 | C30: 32370010086 | D30: 一中 | E30: 物理类 | G30: 19 | H30: 602 | I30: 624 | J30: 29 | K30: -13 | L30: 127 | M30: 119 | N30: 21 | O30: 111 | P30: 91 | Q30: 130.5 | R30: 32 | S30: 80.5 | T30: 81 | W30: 79.5 | X30: 93 | Y30: 43 | Z30: 81.5 | AA30: 90 | AB30: 122 | AI30: 物化生 | AJ30: 3 | AO30: 26 | AP30: 25 | AQ30: 9 | AR30: 16 | AS30: 17 | AT30: 29
A31: 苏陈烨 | B31: 1315230925 | C31: 32370010475 | D31: 一中 | E31: 物理类 | G31: 9 | H31: 604 | I31: 623.5 | J31: 30 | K31: -12 | L31: 129 | M31: 109.5 | N31: 226 | O31: 113.5 | P31: 77 | Q31: 119.5 | R31: 200 | S31: 96 | T31: 3 | W31: 81 | X31: 93 | Y31: 35 | Z31: 84.5 | AA31: 92 | AB31: 66 | AI31: 物化生 | AJ31: 25 | AO31: 47 | AP31: 14 | AQ31: 17 | AR31: 18 | AS31: 16 | AT31: 30
A32: 李思翰 | B32: 7035231052 | C32: 32570010486 | D32: 7001扆山 | E32: 物理类 | F32: 扆山 | G32: 10 | H32: 601 | I32: 621 | J32: 31 | K32: -21 | L32: 138 | M32: 103 | N32: 487 | O32: 127 | P32: 4 | Q32: 112 | R32: 360 | S32: 96 | T32: 3 | W32: 82 | X32: 94 | Y32: 29 | Z32: 81 | AA32: 89 | AB32: 132 | AJ32: 60 | AP32: 147 | AQ32: 59 | AR32: 10 | AT32: 31
A33: 林勇廷 | B33: 1315231926 | C33: 32370010599 | D33: 一中 | E33: 物理类 | G33: 19 | H33: 593 | I33: 621.5 | J33: 31 | K33: 1 | L33: 138 | M33: 107.5 | N33: 300 | O33: 128 | P33: 4 | Q33: 124.5 | R33: 100 | S33: 87.5 | T33: 27 | W33: 68.5 | X33: 88 | Y33: 182 | Z33: 77 | AA33: 86 | AB33: 212 | AI33: 物化生 | AJ33: 26 | AO33: 16 | AP33: 22 | AQ33: 13 | AR33: 32 | AS33: 10 | AT33: 31
A34: 彭俊鑫 | B34: 1315230913 | C34: 32370010179 | D34: 一中 | E34: 物理类 | G34: 9 | H34: 602.5 | I34: 620.5 | J34: 32 | K34: -22 | L34: 145 | M34: 108 | N34: 278 | O34: 119.5 | P34: 33 | Q34: 130.5 | R34: 32 | S34: 75.5 | T34: 151 | W34: 84.5 | X34: 95 | Y34: 14 | Z34: 84.5 | AA34: 92 | AB34: 66 | AI34: 物化生 | AJ34: 13 | AO34: 105 | AP34: 17 | AQ34: 41 | AR34: 10 | AS34: 23 | AT34: 32
A35: 叶紫 | B35: 1315230904 | C35: 32370010030 | D35: 一中 | E35: 物理类 | G35: 9 | H35: 599.75 | I35: 620.5 | J35: 32 | K35: 58 | L35: 145 | M35: 114.5 | N35: 74 | O35: 107.5 | P35: 129 | Q35: 133.5 | R35: 9 | S35: 78 | T35: 109 | W35: 76.5 | X35: 92 | Y35: 66 | Z35: 89.75 | AA35: 95 | AB35: 15 | AI35: 物化生 | AJ35: 4 | AO35: 30 | AP35: 77 | AQ35: 98 | AR35: 90 | AS35: 27 | AT35: 32
A36: 陈思尹 | B36: 1315230901 | C36: 32370010004 | D36: 一中 | E36: 物理类 | G36: 9 | H36: 598 | I36: 620 | J36: 34 | K36: 26 | L36: 148 | M36: 114 | N36: 84 | O36: 120.5 | P36: 23 | Q36: 119 | R36: 212 | S36: 81.5 | T36: 71 | W36: 75.5 | X36: 91 | Y36: 79 | Z36: 87.5 | AA36: 94 | AB36: 32 | AI36: 物化生 | AJ36: 1 | AO36: 24 | AP36: 43 | AQ36: 67 | AR36: 60 | AS36: 63 | AT36: 34
A37: 兰天泽 | B37: 1315231917 | C37: 32370010493 | D37: 一中 | E37: 物理类 | G37: 19 | H37: 605 | I37: 619.5 | J37: 35 | K37: -24 | L37: 154 | M37: 109 | N37: 245 | O37: 107.5 | P37: 129 | Q37: 133.5 | R37: 9 | S37: 77.5 | T37: 116 | W37: 87 | X37: 96 | Y37: 6 | Z37: 90.5 | AA37: 96 | AB37: 10 | AI37: 物化生 | AJ37: 17 | AO37: 7 | AP37: 11 | AQ37: 5 | AR37: 11 | AS37: 8 | AT37: 35
A38: 杨竣淇 | B38: 1315230941 | C38: 32370010732 | D38: 一中 | E38: 物理类 | G38: 9 | H38: 595.5 | I38: 619 | J38: 36 | K38: -4 | L38: 160 | M38: 115.5 | N38: 55 | O38: 115 | P38: 64 | Q38: 115.5 | R38: 288 | S38: 90 | T38: 19 | W38: 74.5 | X38: 91 | Y38: 102 | Z38: 85 | AA38: 92 | AB38: 57 | AI38: 物化生 | AJ38: 41 | AO38: 185 | AP38: 70 | AQ38: 142 | AR38: 32 | AS38: 128 | AT38: 36
A39: 叶矞坤 | B39: 1315230905 | C39: 32370010172 | D39: 一中 | E39: 物理类 | G39: 9 | H39: 594.5 | I39: 618.5 | J39: 37 | K39: 126 | L39: 166 | M39: 117 | N39: 39 | O39: 120.5 | P39: 23 | Q39: 130.5 | R39: 32 | S39: 67.5 | T39: 275 | W39: 70.5 | X39: 89 | Y39: 152 | Z39: 88.5 | AA39: 94 | AB39: 20 | AI39: 物化生 | AJ39: 5 | AO39: 86 | AP39: 177 | AQ39: 95 | AR39: 163 | AS39: 79 | AT39: 37
A40: 占嘉恒 | B40: 1315231905 | C40: 32370010149 | D40: 一中 | E40: 物理类 | G40: 19 | H40: 594.5 | I40: 618.5 | J40: 37 | K40: 11 | L40: 166 | M40: 110 | N40: 209 | O40: 118.5 | P40: 38 | Q40: 126.5 | R40: 74 | S40: 84.5 | T40: 45 | W40: 75 | X40: 91 | Y40: 88 | Z40: 80 | AA40: 88 | AB40: 152 | AI40: 物化生 | AJ40: 5 | AO40: 111 | AP40: 60 | AQ40: 8 | AR40: 48 | AS40: 37 | AT40: 37
A41: 缪良松 | B41: 1315230916 | C41: 32370010271 | D41: 一中 | E41: 物理类 | G41: 9 | H41: 593.5 | I41: 617.5 | J41: 39 | K41: 77 | L41: 171 | M41: 109.5 | N41: 226 | O41: 122.5 | P41: 15 | Q41: 122 | R41: 142 | S41: 80.5 | T41: 81 | W41: 74.5 | X41: 91 | Y41: 102 | Z41: 84.5 | AA41: 92 | AB41: 66 | AI41: 物化生 | AJ41: 16 | AO41: 125 | AP41: 53 | AQ41: 80 | AR41: 116 | AS41: 20 | AT41: 39
A42: 林文华 | B42: 1315230938 | C42: 32370010677 | D42: 一中 | E42: 物理类 | G42: 9 | H42: 605 | I42: 617 | J42: 40 | K42: -27 | L42: 177 | M42: 104 | N42: 450 | O42: 117.5 | P42: 46 | Q42: 121 | R42: 168 | S42: 82.5 | T42: 60 | W42: 94 | X42: 99 | Y42: 1 | Z42: 86 | AA42: 93 | AB42: 43 | AI42: 物化生 | AJ42: 38 | AO42: 38 | AP42: 39 | AQ42: 31 | AR42: 13 | AS42: 74 | AT42: 40
A43: 林正阳 | B43: 1315231001 | C43: 32370010020 | D43: 一中 | E43: 物理类 | G43: 10 | H43: 598 | I43: 616 | J43: 41 | K43: 59 | L43: 185 | M43: 105 | N43: 406 | O43: 119 | P43: 36 | Q43: 115.5 | R43: 288 | S43: 91.5 | T43: 16 | W43: 83 | X43: 94 | Y43: 22 | Z43: 84 | AA43: 91 | AB43: 75 | AI43: 物化生 | AJ43: 1 | AL43: 生物选考10.16班 | AO43: 39 | AP43: 20 | AQ43: 33 | AR43: 100 | AS43: 52 | AT43: 41
A44: 王刘栋 | B44: 1315231039 | C44: 32370010550 | D44: 一中 | E44: 物理类 | G44: 10 | H44: 576.25 | I44: 615 | J44: 42 | K44: 29 | L44: 192 | M44: 107.5 | N44: 300 | O44: 124 | P44: 9 | Q44: 127 | R44: 68 | S44: 77.5 | T44: 116 | W44: 76.5 | X44: 92 | Y44: 66 | AC44: 63.75 | AD44: 87 | AE44: 80 | AI44: 物化政 | AJ44: 39 | AO44: 113 | AP44: 41 | AQ44: 119 | AR44: 71 | AS44: 58 | AT44: 42
A45: 钟志文 | B45: 1315230932 | C45: 32370010563 | D45: 一中 | E45: 物理类 | G45: 9 | H45: 587.5 | I45: 614.5 | J45: 43 | K45: 66 | L45: 195 | M45: 108 | N45: 278 | O45: 120 | P45: 26 | Q45: 124.5 | R45: 100 | S45: 85 | T45: 42 | W45: 70.5 | X45: 89 | Y45: 152 | Z45: 79.5 | AA45: 88 | AB45: 165 | AI45: 物化生 | AJ45: 32 | AO45: 73 | AP45: 65 | AQ45: 45 | AR45: 109 | AS45: 71 | AT45: 43
A46: 郑轲文 | B46: 1315231044 | C46: 32370010676 | D46: 一中 | E46: 物理类 | G46: 10 | H46: 571.5 | I46: 614.5 | J46: 43 | K46: 81 | L46: 195 | M46: 118.5 | N46: 28 | O46: 117.5 | P46: 46 | Q46: 122.5 | R46: 130 | S46: 77 | T46: 124 | W46: 64.5 | X46: 87 | Y46: 258 | AF46: 71.5 | AG46: 92 | AH46: 5 | AI46: 物化地 | AJ46: 44 | AN46: 地理选考10.16班 | AP46: 152 | AQ46: 81 | AR46: 124 | AS46: 108 | AT46: 43
A47: 林欣宇 | B47: 1315231928 | C47: 32370010625 | D47: 一中 | E47: 物理类 | G47: 19 | H47: 593.5 | I47: 614.5 | J47: 43 | K47: 3 | L47: 195 | M47: 97.5 | N47: 678 | O47: 115.5 | P47: 57 | Q47: 120 | R47: 195 | S47: 95.5 | T47: 5 | W47: 76.5 | X47: 92 | Y47: 66 | Z47: 88.5 | AA47: 94 | AB47: 20 | AI47: 物化生 | AJ47: 28 | AO47: 32 | AP47: 56 | AQ47: 35 | AR47: 46 | AS47: 31 | AT47: 43
A48: 林志鸿 | B48: 1315231927 | C48: 32370010610 | D48: 一中 | E48: 物理类 | G48: 19 | H48: 591 | I48: 614 | J48: 46 | K48: 13 | L48: 201 | M48: 119 | N48: 21 | O48: 115.5 | P48: 57 | Q48: 121 | R48: 168 | S48: 77.5 | T48: 116 | W48: 75.5 | X48: 91 | Y48: 79 | Z48: 82.5 | AA48: 90 | AB48: 99 | AI48: 物化生 | AJ48: 27 | AO48: 31 | AP48: 65 | AQ48: 29 | AR48: 59 | AS48: 49 | AT48: 46
A49: 潘铭彦 | B49: 1315231020 | C49: 32370010334 | D49: 一中 | E49: 物理类 | G49: 10 | H49: 581.25 | I49: 614 | J49: 46 | K49: -27 | L49: 201 | M49: 111 | N49: 172 | O49: 118 | P49: 44 | Q49: 117.5 | R49: 253 | S49: 83.5 | T49: 50 | W49: 82 | X49: 94 | Y49: 29 | AC49: 69.25 | AD49: 90 | AE49: 28 | AI49: 物化政 | AJ49: 20 | AO49: 44 | AP49: 57 | AQ49: 26 | AR49: 19 | AS49: 24 | AT49: 46
A50: 陈彦宏 | B50: 1315230926 | C50: 32370010477 | D50: 一中 | E50: 物理类 | G50: 9 | H50: 598.5 | I50: 614 | J50: 46 | K50: 66 | L50: 201 | M50: 112 | N50: 138 | O50: 112 | P50: 87 | Q50: 124 | R50: 106 | S50: 78 | T50: 109 | W50: 85.5 | X50: 95 | Y50: 11 | Z50: 87 | AA50: 93 | AB50: 34 | AI50: 物化生 | AJ50: 26 | AO50: 34 | AP50: 46 | AQ50: 49 | AR50: 112 | AS50: 25 | AT50: 46
A51: 缪东昊 | B51: 1315231043 | C51: 32370010668 | D51: 一中 | E51: 物理类 | G51: 10 | H51: 592.5 | I51: 613.5 | J51: 49 | K51: -13 | L51: 209 | M51: 99 | N51: 635 | O51: 124 | P51: 9 | Q51: 112.5 | R51: 350 | S51: 94 | T51: 8 | W51: 79.5 | X51: 93 | Y51: 43 | Z51: 83.5 | AA51: 91 | AB51: 86 | AI51: 物化生 | AJ51: 43 | AL51: 生物选考10.16班 | AO51: 125 | AP51: 61 | AQ51: 60 | AR51: 36 | AS51: 25 | AT51: 49
A52: 温馨妍 | B52: 1315231041 | C52: 32370010636 | D52: 一中 | E52: 物理类 | G52: 10 | H52: 576 | I52: 612.5 | J52: 50 | L52: 215 | M52: 120 | N52: 14 | O52: 99.5 | P52: 270 | Q52: 134 | R52: 8 | S52: 77 | T52: 124 | W52: 79.5 | X52: 93 | Y52: 43 | AC52: 66 | AD52: 89 | AE52: 54 | AI52: 物化政 | AJ52: 41 | AO52: 59 | AP52: 39 | AQ52: 57 | AR52: 50 | AS52: 13 | AT52: 50
A53: 吴思睿 | B53: 1315230924 | C53: 32370010464 | D53: 一中 | E53: 物理类 | G53: 9 | H53: 589.5 | I53: 612.5 | J53: 50 | K53: 18 | L53: 215 | M53: 111.5 | N53: 155 | O53: 104.5 | P53: 186 | Q53: 124.5 | R53: 100 | S53: 88 | T53: 24 | W53: 73.5 | X53: 90 | Y53: 116 | Z53: 87.5 | AA53: 94 | AB53: 32 | AI53: 物化生 | AJ53: 24 | AO53: 25 | AP53: 5 | AQ53: 48 | AR53: 68 | AS53: 19 | AT53: 50
A54: 郑力铭 | B54: 1315231921 | C54: 32370010514 | D54: 一中 | E54: 物理类 | G54: 19 | H54: 588 | I54: 612.5 | J54: 50 | K54: -30 | L54: 215 | M54: 108.5 | N54: 258 | O54: 107.5 | P54: 129 | Q54: 125.5 | R54: 89 | S54: 89 | T54: 20 | W54: 72.5 | X54: 90 | Y54: 129 | Z54: 85 | AA54: 92 | AB54: 57 | AI54: 物化生 | AJ54: 21 | AO54: 90 | AP54: 62 | AQ54: 23 | AR54: 20 | AS54: 49 | AT54: 50
A55: 陈金云 | B55: 1315231011 | C55: 32370010201 | D55: 一中 | E55: 物理类 | G55: 10 | H55: 574.5 | I55: 612 | J55: 53 | K55: -11 | L55: 220 | M55: 111.5 | N55: 155 | O55: 117.5 | P55: 46 | Q55: 124 | R55: 106 | S55: 77 | T55: 124 | W55: 75.5 | X55: 91 | Y55: 79 | AF55: 69 | AG55: 91 | AH55: 17 | AI55: 物化地 | AJ55: 11 | AN55: 地理选考10.16班 | AO55: 85 | AP55: 62 | AQ55: 74 | AR55: 42 | AS55: 112 | AT55: 53
A56: 叶阳杰 | B56: 1315230934 | C56: 32370010566 | D56: 一中 | E56: 物理类 | G56: 9 | H56: 584 | I56: 611 | J56: 54 | K56: 84 | L56: 226 | M56: 112 | N56: 138 | O56: 116.5 | P56: 51 | Q56: 127.5 | R56: 60 | S56: 73 | T56: 181 | W56: 69 | X56: 89 | Y56: 170 | Z56: 86 | AA56: 93 | AB56: 43 | AI56: 物化生 | AJ56: 34 | AL56: 生物选考6,15班 | AO56: 141 | AP56: 154 | AQ56: 162 | AR56: 138 | AS56: 69 | AT56: 54
A57: 肖谷宇 | B57: 1315230936 | C57: 32370010572 | D57: 一中 | E57: 物理类 | G57: 9 | H57: 583.5 | I57: 610.5 | J57: 55 | K57: 41 | L57: 231 | M57: 109.5 | N57: 226 | O57: 122 | P57: 16 | Q57: 124 | R57: 106 | S57: 82 | T57: 65 | W57: 72 | X57: 90 | Y57: 137 | Z57: 74 | AA57: 83 | AB57: 265 | AI57: 物化生 | AJ57: 36 | AO57: 63 | AP57: 28 | AQ57: 98 | AR57: 96 | AS57: 143 | AT57: 55
A58: 林显峰 | B58: 1315231915 | C58: 32370010387 | D58: 一中 | E58: 物理类 | G58: 19 | H58: 588 | I58: 610.5 | J58: 55 | K58: -2 | L58: 231 | M58: 103 | N58: 487 | O58: 108.5 | P58: 110 | Q58: 134.5 | R58: 7 | S58: 83.5 | T58: 50 | W58: 78 | X58: 92 | Y58: 54 | Z58: 80.5 | AA58: 89 | AB58: 144 | AI58: 物化生 | AJ58: 15 | AL58: 生物选考10.16班 | AO58: 53 | AP58: 45 | AQ58: 37 | AR58: 53 | AS58: 52 | AT58: 55
A59: 肖铭锋 | B59: 1315230917 | C59: 32370010313 | D59: 一中 | E59: 物理类 | G59: 9 | H59: 587.5 | I59: 609 | J59: 57 | K59: -29 | L59: 246 | M59: 113 | N59: 112 | O59: 109 | P59: 108 | Q59: 122 | R59: 142 | S59: 82 | T59: 65 | W59: 80 | X59: 93 | Y59: 40 | Z59: 81.5 | AA59: 90 | AB59: 122 | AI59: 物化生 | AJ59: 17 | AO59: 27 | AP59: 67 | AQ59: 28 | AR59: 28 | AS59: 91 | AT59: 57
A60: 林义航 | B60: 1315231036 | C60: 32370010538 | D60: 一中 | E60: 物理类 | G60: 10 | H60: 581 | I60: 609 | J60: 57 | K60: -25 | L60: 246 | M60: 107.5 | N60: 300 | O60: 121 | P60: 21 | Q60: 119 | R60: 212 | S60: 83.5 | T60: 50 | W60: 67.5 | X60: 88 | Y60: 207 | Z60: 82.5 | AA60: 90 | AB60: 99 | AI60: 物化生 | AJ60: 36 | AL60: 生物选考10.16班 | AO60: 58 | AP60: 42 | AQ60: 27 | AR60: 32 | AS60: 60 | AT60: 57
A61: 李文晟 | B61: 1315230605 | C61: 32370010072 | D61: 一中 | E61: 物理类 | G61: 6 | H61: 581 | I61: 608.5 | J61: 59 | K61: 37 | L61: 256 | M61: 114 | N61: 84 | O61: 121 | P61: 21 | Q61: 116.5 | R61: 274 | S61: 79 | T61: 94 | W61: 68 | X61: 88 | Y61: 197 | Z61: 82.5 | AA61: 90 | AB61: 99 | AI61: 物化生 | AJ61: 5 | AL61: 生物选考6,15班 | AO61: 207 | AP61: 215 | AQ61: 166 | AR61: 96 | AS61: 121 | AT61: 59
A62: 林瀚东 | B62: 1315231032 | C62: 32370010537 | D62: 一中 | E62: 物理类 | G62: 10 | H62: 582 | I62: 608 | J62: 60 | K62: 11 | L62: 261 | M62: 108 | N62: 278 | O62: 109.5 | P62: 105 | Q62: 132.5 | R62: 21 | S62: 78 | T62: 109 | W62: 68.5 | X62: 88 | Y62: 182 | Z62: 85.5 | AA62: 92 | AB62: 50 | AI62: 物化生 | AJ62: 32 | AO62: 93 | AP62: 71 | AQ62: 53 | AR62: 71 | AS62: 21 | AT62: 60
A63: 吴诗芳 | B63: 1315230918 | C63: 32370010283 | D63: 一中 | E63: 物理类 | G63: 9 | H63: 578.5 | I63: 608 | J63: 60 | K63: 6 | L63: 261 | M63: 118.5 | N63: 28 | O63: 101 | P63: 245 | Q63: 122 | R63: 142 | S63: 86.5 | T63: 37 | W63: 64 | X63: 87 | Y63: 269 | Z63: 86.5 | AA63: 93 | AB63: 41 | AI63: 物化生 | AJ63: 18 | AO63: 46 | AP63: 37 | AQ63: 53 | AR63: 66 | AS63: 57 | AT63: 60
A64: 王子函 | B64: 1315230922 | C64: 32370010380 | D64: 一中 | E64: 物理类 | G64: 9 | H64: 590.5 | I64: 607.5 | J64: 62 | K64: -37 | L64: 266 | M64: 103 | N64: 487 | O64: 103.5 | P64: 207 | Q64: 124 | R64: 106 | S64: 86 | T64: 40 | W64: 82 | X64: 94 | Y64: 29 | Z64: 92 | AA64: 97 | AB64: 6 | AI64: 物化生 | AJ64: 22 | AO64: 83 | AP64: 75 | AQ64: 81 | AR64: 25 | AS64: 38 | AT64: 62
A65: 陈心妍 | B65: 1315231023 | C65: 32370010400 | D65: 一中 | E65: 物理类 | G65: 10 | H65: 581.5 | I65: 607.5 | J65: 62 | K65: 2 | L65: 266 | M65: 102.5 | N65: 511 | O65: 118.5 | P65: 38 | Q65: 127.5 | R65: 60 | S65: 77 | T65: 124 | W65: 69 | X65: 89 | Y65: 170 | Z65: 87 | AA65: 93 | AB65: 34 | AI65: 物化生 | AJ65: 23 | AL65: 生物选考10.16班 | AO65: 68 | AP65: 57 | AQ65: 81 | AR65: 64 | AS65: 141 | AT65: 62
A66: 郭睿宸 | B66: 1315230931 | C66: 32370010522 | D66: 一中 | E66: 物理类 | G66: 9 | H66: 587.5 | I66: 607.5 | J66: 62 | K66: -5 | L66: 266 | M66: 113 | N66: 112 | O66: 101 | P66: 245 | Q66: 121.5 | R66: 152 | S66: 89 | T66: 20 | W66: 84 | X66: 95 | Y66: 17 | Z66: 79 | AA66: 88 | AB66: 171 | AI66: 物化生 | AJ66: 31 | AO66: 122 | AP66: 96 | AQ66: 122 | AR66: 57 | AS66: 83 | AT66: 62
A67: 郑乐凡 | B67: 1315231004 | C67: 32370010063 | D67: 一中 | E67: 物理类 | G67: 10 | H67: 586.5 | I67: 607.5 | J67: 62 | K67: -26 | L67: 266 | M67: 122 | N67: 5 | O67: 114 | P67: 69 | Q67: 118.5 | R67: 221 | S67: 72 | T67: 195 | W67: 82 | X67: 94 | Y67: 29 | Z67: 78 | AA67: 87 | AB67: 195 | AI67: 物化生 | AJ67: 4 | AL67: 生物选考10.16班 | AO67: 65 | AP67: 53 | AQ67: 65 | AR67: 36 | AS67: 45 | AT67: 62
A68: 王千嘉 | B68: 1315231340 | C68: 32370010077 | D68: 一中 | E68: 物理类 | G68: 13 | H68: 571 | I68: 606.5 | J68: 66 | K68: -12 | L68: 283 | M68: 112 | N68: 138 | O68: 109 | P68: 108 | Q68: 128 | R68: 54 | S68: 74.5 | T68: 159 | W68: 78 | X68: 92 | Y68: 54 | AF68: 69.5 | AG68: 91 | AH68: 13 | AI68: 物化地 | AJ68: 40 | AN68: 地理选考10.16班 | AO68: 171 | AP68: 52 | AQ68: 117 | AR68: 54 | AS68: 68 | AT68: 66
A69: 许子涵 | B69: 1315231226 | C69: 32370010489 | D69: 一中 | E69: 物理类 | G69: 12 | H69: 569.5 | I69: 606 | J69: 67 | K69: 21 | L69: 291 | M69: 103 | N69: 487 | O69: 112.5 | P69: 84 | Q69: 119 | R69: 212 | S69: 87.5 | T69: 27 | W69: 69 | X69: 89 | Y69: 170 | AF69: 78.5 | AG69: 95 | AH69: 2 | AI69: 物化地 | AJ69: 27 | AO69: 93 | AP69: 82 | AQ69: 113 | AR69: 88 | AS69: 90 | AT69: 67
A70: 曾羿 | B70: 1315231014 | C70: 32370010221 | D70: 一中 | E70: 物理类 | G70: 10 | H70: 578.5 | I70: 606 | J70: 67 | K70: 113 | L70: 291 | M70: 111 | N70: 172 | O70: 115.5 | P70: 57 | Q70: 124 | R70: 106 | S70: 79.5 | T70: 89 | W70: 72 | X70: 90 | Y70: 137 | Z70: 76.5 | AA70: 86 | AB70: 222 | AI70: 物化生 | AJ70: 14 | AL70: 生物选考10.16班 | AO70: 66 | AP70: 80 | AQ70: 39 | AR70: 180 | AS70: 91 | AT70: 67
A71: 林炜婷 | B71: 1315230814 | C71: 32370010262 | D71: 一中 | E71: 物理类 | G71: 8 | H71: 580 | I71: 606 | J71: 67 | K71: 9 | L71: 291 | M71: 114.5 | N71: 74 | O71: 114 | P71: 69 | Q71: 114 | R71: 313 | S71: 81.5 | T71: 71 | W71: 67.5 | X71: 88 | Y71: 207 | Z71: 88.5 | AA71: 94 | AB71: 20 | AI71: 物化生 | AJ71: 15 | AO71: 118 | AP71: 288 | AQ71: 77 | AR71: 76 | AS71: 72 | AT71: 67
A72: 连丰锴 | B72: 1315231002 | C72: 32370010025 | D72: 一中 | E72: 物理类 | G72: 10 | H72: 562 | I72: 605.5 | J72: 70 | K72: 81 | L72: 296 | M72: 114 | N72: 84 | O72: 110 | P72: 100 | Q72: 118 | R72: 236 | S72: 85.5 | T72: 41 | W72: 70 | X72: 89 | Y72: 159 | AF72: 64.5 | AG72: 89 | AH72: 37 | AI72: 物化地 | AJ72: 2 | AN72: 地理选考10.16班 | AO72: 97 | AP72: 162 | AQ72: 107 | AR72: 151 | AS72: 114 | AT72: 70
A73: 林俊熙 | B73: 1315231005 | C73: 32370010073 | D73: 一中 | E73: 物理类 | G73: 10 | H73: 565 | I73: 605.5 | J73: 70 | K73: 13 | L73: 296 | M73: 113.5 | N73: 101 | O73: 108.5 | P73: 110 | Q73: 125 | R73: 92 | S73: 79.5 | T73: 89 | W73: 75.5 | X73: 91 | Y73: 79 | AF73: 63 | AG73: 88 | AH73: 46 | AI73: 物化地 | AJ73: 5 | AN73: 地理选考10.16班 | AO73: 87 | AP73: 73 | AQ73: 75 | AR73: 83 | AS73: 110 | AT73: 70
A74: 郑皓森 | B74: 1315230912 | C74: 32370010191 | D74: 一中 | E74: 物理类 | G74: 9 | H74: 585 | I74: 605.5 | J74: 70 | K74: 15 | L74: 296 | M74: 109.5 | N74: 226 | O74: 99 | P74: 285 | Q74: 127 | R74: 68 | S74: 84 | T74: 48 | W74: 76 | X74: 91 | Y74: 71 | Z74: 89.5 | AA74: 95 | AB74: 16 | AI74: 物化生 | AJ74: 12 | AO74: 70 | AP74: 35 | AQ74: 46 | AR74: 85 | AS74: 52 | AT74: 70
A75: 郑皓元 | B75: 1315230907 | C75: 32370010146 | D75: 一中 | E75: 物理类 | G75: 9 | H75: 579.5 | I75: 605.5 | J75: 70 | K75: -48 | L75: 296 | M75: 115.5 | N75: 55 | O75: 106.5 | P75: 153 | Q75: 126.5 | R75: 74 | S75: 76 | T75: 142 | W75: 71.5 | X75: 90 | Y75: 144 | Z75: 83.5 | AA75: 91 | AB75: 86 | AI75: 物化生 | AJ75: 7 | AO75: 82 | AP75: 32 | AQ75: 53 | AR75: 22 | AS75: 47 | AT75: 70
A76: 王涵烨 | B76: 1315231119 | C76: 32370010421 | D76: 一中 | E76: 物理类 | G76: 11 | H76: 563.5 | I76: 604.5 | J76: 74 | K76: 31 | L76: 310 | M76: 112.5 | N76: 128 | O76: 106 | P76: 160 | Q76: 127 | R76: 68 | S76: 80 | T76: 85 | W76: 68.5 | X76: 88 | Y76: 182 | AF76: 69.5 | AG76: 91 | AH76: 13 | AI76: 物化地 | AJ76: 19 | AO76: 130 | AP76: 258 | AQ76: 90 | AR76: 105 | AS76: 103 | AT76: 74
A77: 陈进 | B77: 1315230943 | C77: 32370010651 | D77: 一中 | E77: 物理类 | G77: 9 | H77: 579 | I77: 604 | J77: 75 | K77: -15 | L77: 313 | M77: 122 | N77: 5 | O77: 94.5 | P77: 374 | Q77: 135 | R77: 6 | S77: 71.5 | T77: 200 | W77: 74.5 | X77: 91 | Y77: 102 | Z77: 81.5 | AA77: 90 | AB77: 122 | AI77: 物化生 | AJ77: 43 | AL77: 生物选考6,15班 | AO77: 78 | AP77: 90 | AQ77: 66 | AR77: 60 | AS77: 114 | AT77: 75
A78: 刘孝斌 | B78: 1315231040 | C78: 32370010593 | D78: 一中 | E78: 物理类 | G78: 10 | H78: 561.75 | I78: 603.5 | J78: 76 | K78: 92 | L78: 315 | M78: 120.5 | N78: 12 | O78: 100.5 | P78: 253 | Q78: 118 | R78: 236 | S78: 86.5 | T78: 37 | W78: 69.5 | X78: 89 | Y78: 165 | AC78: 66.75 | AD78: 89 | AE78: 46 | AI78: 物化政 | AJ78: 40 | AO78: 150 | AP78: 217 | AQ78: 151 | AR78: 168 | AS78: 171 | AT78: 76
A79: 范骐菁 | B79: 1315231033 | C79: 32370010525 | D79: 一中 | E79: 物理类 | G79: 10 | H79: 563.5 | I79: 603.5 | J79: 76 | K79: 65 | L79: 315 | M79: 111 | N79: 172 | O79: 116 | P79: 54 | Q79: 117.5 | R79: 253 | S79: 77 | T79: 124 | W79: 66.5 | X79: 88 | Y79: 220 | AC79: 75.5 | AD79: 94 | AE79: 7 | AI79: 物化政 | AJ79: 33 | AO79: 122 | AP79: 78 | AQ79: 84 | AR79: 141 | AS79: 205 | AT79: 76
A80: 阮曦丞 | B80: 1315231003 | C80: 32370010052 | D80: 一中 | E80: 物理类 | G80: 10 | H80: 573.5 | I80: 602.5 | J80: 78 | K80: 262 | L80: 326 | M80: 109.5 | N80: 226 | O80: 111 | P80: 91 | Q80: 123.5 | R80: 117 | S80: 79.5 | T80: 89 | W80: 67 | X80: 88 | Y80: 216 | Z80: 83 | AA80: 91 | AB80: 91 | AI80: 物化生 | AJ80: 3 | AL80: 生物选考10.16班 | AO80: 231 | AP80: 99 | AQ80: 75 | AR80: 340 | AS80: 148 | AT80: 78
A81: 潘雨彤 | B81: 1315230928 | C81: 32370010494 | D81: 一中 | E81: 物理类 | G81: 9 | H81: 577 | I81: 602 | J81: 79 | K81: -64 | L81: 332 | M81: 116.5 | N81: 40 | O81: 97 | P81: 330 | Q81: 132.5 | R81: 21 | S81: 77 | T81: 124 | W81: 73.5 | X81: 90 | Y81: 116 | Z81: 80.5 | AA81: 89 | AB81: 144 | AI81: 物化生 | AJ81: 28 | AO81: 59 | AP81: 28 | AQ81: 61 | AR81: 15 | AS81: 31 | AT81: 79
A82: 阮晨曦 | B82: 1315230940 | C82: 32370010648 | D82: 一中 | E82: 物理类 | G82: 9 | H82: 572.5 | I82: 601.5 | J82: 80 | K82: 35 | L82: 337 | M82: 106.5 | N82: 346 | O82: 99.5 | P82: 270 | Q82: 124 | R82: 106 | S82: 92.5 | T82: 13 | W82: 66.5 | X82: 88 | Y82: 220 | Z82: 83.5 | AA82: 91 | AB82: 86 | AI82: 物化生 | AJ82: 40 | AO82: 95 | AP82: 139 | AQ82: 111 | AR82: 115 | AS82: 95 | AT82: 80
A83: 何颢祯 | B83: 1315231018 | C83: 32370010305 | D83: 一中 | E83: 物理类 | G83: 10 | H83: 581.5 | I83: 601.5 | J83: 80 | K83: -42 | L83: 337 | M83: 101 | N83: 561 | O83: 115.5 | P83: 57 | Q83: 109.5 | R83: 424 | S83: 92.5 | T83: 13 | W83: 81 | X83: 93 | Y83: 35 | Z83: 82 | AA83: 90 | AB83: 111 | AI83: 物化生 | AJ83: 18 | AL83: 生物选考10.16班 | AO83: 113 | AP83: 50 | AQ83: 33 | AR83: 38 | AS83: 101 | AT83: 80
A84: 林泉杰 | B84: 1315231318 | C84: 32370010178 | D84: 一中 | E84: 物理类 | G84: 13 | H84: 562 | I84: 601 | J84: 82 | K84: -1 | L84: 340 | M84: 108 | N84: 278 | O84: 102.5 | P84: 220 | Q84: 123.5 | R84: 117 | S84: 87 | T84: 32 | W84: 75.5 | X84: 91 | Y84: 79 | AF84: 65.5 | AG84: 89 | AH84: 30 | AI84: 物化地 | AJ84: 18 | AO84: 134 | AP84: 51 | AQ84: 86 | AR84: 81 | AS84: 173 | AT84: 82
A85: 陈梓杰 | B85: 1315230911 | C85: 32370010214 | D85: 一中 | E85: 物理类 | G85: 9 | H85: 577.5 | I85: 600.5 | J85: 83 | K85: 22 | L85: 343 | M85: 108 | N85: 278 | O85: 120 | P85: 26 | Q85: 121.5 | R85: 152 | S85: 72 | T85: 195 | W85: 77.5 | X85: 92 | Y85: 60 | Z85: 78.5 | AA85: 87 | AB85: 181 | AI85: 物化生 | AJ85: 11 | AO85: 63 | AP85: 57 | AQ85: 133 | AR85: 105 | AS85: 83 | AT85: 83
A86: 刘禹良 | B86: 1315231012 | C86: 32370010216 | D86: 一中 | E86: 物理类 | G86: 10 | H86: 558.75 | I86: 600 | J86: 84 | K86: 1 | L86: 355 | M86: 105 | N86: 406 | O86: 104.5 | P86: 186 | Q86: 126 | R86: 83 | S86: 86.5 | T86: 37 | W86: 72 | X86: 90 | Y86: 137 | AC86: 64.75 | AD86: 88 | AE86: 68 | AI86: 物化政 | AJ86: 12 | AO86: 162 | AP86: 179 | AQ86: 71 | AR86: 85 | AS86: 248 | AT86: 84
A87: 张倍思杰 | B87: 1315231021 | C87: 32370010346 | D87: 一中 | E87: 物理类 | G87: 10 | H87: 557 | I87: 600 | J87: 84 | K87: 72 | L87: 355 | M87: 116.5 | N87: 40 | O87: 122 | P87: 16 | Q87: 117 | R87: 264 | S87: 67.5 | T87: 275 | W87: 61 | X87: 84 | Y87: 332 | AC87: 73 | AD87: 93 | AE87: 15 | AI87: 物化政 | AJ87: 21 | AO87: 166 | AP87: 94 | AQ87: 162 | AR87: 156 | AS87: 230 | AT87: 84
A88: 陈一诺 | B88: 1315231006 | C88: 32370010075 | D88: 一中 | E88: 物理类 | G88: 10 | H88: 578.5 | I88: 599.5 | J88: 86 | K88: -46 | L88: 362 | M88: 112.5 | N88: 128 | O88: 107 | P88: 142 | Q88: 124 | R88: 106 | S88: 73 | T88: 181 | W88: 78 | X88: 92 | Y88: 54 | Z88: 84 | AA88: 91 | AB88: 75 | AI88: 物化生 | AJ88: 6 | AL88: 生物选考10.16班 | AO88: 90 | AP88: 46 | AQ88: 61 | AR88: 40 | AS88: 62 | AT88: 86
A89: 陈凌冉 | B89: 1315231031 | C89: 32370010515 | D89: 一中 | E89: 物理类 | G89: 10 | H89: 579 | I89: 599.5 | J89: 86 | K89: -39 | L89: 362 | M89: 109 | N89: 245 | O89: 107.5 | P89: 129 | Q89: 120.5 | R89: 180 | S89: 77.5 | T89: 116 | W89: 79.5 | X89: 93 | Y89: 43 | Z89: 85 | AA89: 92 | AB89: 57 | AI89: 物化生 | AJ89: 31 | AL89: 生物选考10.16班 | AO89: 35 | AP89: 128 | AQ89: 53 | AR89: 47 | AS89: 86 | AT89: 86
A90: 薛鑫杰 | B90: 1315230806 | C90: 32370010100 | D90: 一中 | E90: 物理类 | G90: 8 | H90: 571 | I90: 599.5 | J90: 86 | K90: -44 | L90: 362 | M90: 112 | N90: 138 | O90: 108.5 | P90: 110 | Q90: 119 | R90: 212 | S90: 81 | T90: 76 | W90: 66 | X90: 87 | Y90: 232 | Z90: 84.5 | AA90: 92 | AB90: 66 | AI90: 物化生 | AJ90: 6 | AO90: 45 | AP90: 191 | AQ90: 100 | AR90: 42 | AS90: 112 | AT90: 86
A91: 苏鑫 | B91: 1315230915 | C91: 32370010265 | D91: 一中 | E91: 物理类 | G91: 9 | H91: 570.5 | I91: 599 | J91: 89 | K91: 4 | L91: 371 | M91: 111.5 | N91: 155 | O91: 118.5 | P91: 38 | Q91: 110 | R91: 408 | S91: 81 | T91: 76 | W91: 67 | X91: 88 | Y91: 216 | Z91: 82.5 | AA91: 90 | AB91: 99 | AI91: 物化生 | AJ91: 15 | AO91: 51 | AP91: 75 | AQ91: 101 | AR91: 93 | AS91: 146 | AT91: 89
A92: 连国宇 | B92: 1315230908 | C92: 32370010187 | D92: 一中 | E92: 物理类 | G92: 9 | H92: 576 | I92: 599 | J92: 89 | K92: 13 | L92: 371 | M92: 115 | N92: 66 | O92: 96.5 | P92: 342 | Q92: 126.5 | R92: 74 | S92: 80 | T92: 85 | W92: 76 | X92: 91 | Y92: 71 | Z92: 82 | AA92: 90 | AB92: 111 | AI92: 物化生 | AJ92: 8 | AO92: 110 | AP92: 28 | AQ92: 157 | AR92: 102 | AS92: 80 | AT92: 89
A93: 郑嘉琪 | B93: 1315230632 | C93: 32370010598 | D93: 一中 | E93: 物理类 | G93: 6 | H93: 567 | I93: 599 | J93: 89 | K93: 111 | L93: 371 | M93: 107 | N93: 325 | O93: 128 | P93: 4 | Q93: 120.5 | R93: 180 | S93: 75.5 | T93: 151 | W93: 62 | X93: 85 | Y93: 312 | Z93: 74 | AA93: 83 | AB93: 265 | AI93: 物化生 | AJ93: 32 | AL93: 生物选考6,15班 | AO93: 145 | AP93: 147 | AQ93: 136 | AR93: 200 | AS93: 294 | AT93: 89
A94: 江奥阳 | B94: 1315230543 | C94: 32370010694 | D94: 一中 | E94: 物理类 | G94: 5 | H94: 577.5 | I94: 598.5 | J94: 92 | K94: -16 | L94: 380 | M94: 110 | N94: 209 | O94: 108 | P94: 119 | Q94: 121.5 | R94: 152 | S94: 75 | T94: 156 | W94: 78 | X94: 92 | Y94: 54 | Z94: 85 | AA94: 92 | AB94: 57 | AI94: 物化生 | AJ94: 43 | AO94: 111 | AP94: 118 | AQ94: 149 | AR94: 76 | AS94: 43 | AT94: 92
A95: 王翔禾 | B95: 1315230906 | C95: 32370010093 | D95: 一中 | E95: 物理类 | G95: 9 | H95: 575.5 | I95: 598.5 | J95: 92 | K95: 112 | L95: 380 | M95: 106.5 | N95: 346 | O95: 109.5 | P95: 105 | Q95: 122.5 | R95: 130 | S95: 77 | T95: 124 | W95: 75 | X95: 91 | Y95: 88 | Z95: 85 | AA95: 92 | AB95: 57 | AI95: 物化生 | AJ95: 6 | AO95: 17 | AP95: 67 | AQ95: 230 | AR95: 204 | AS95: 157 | AT95: 92
A96: 范铭东 | B96: 1315230942 | C96: 32370010557 | D96: 一中 | E96: 物理类 | G96: 9 | H96: 575 | I96: 597.5 | J96: 94 | K96: -62 | L96: 395 | M96: 103 | N96: 487 | O96: 104 | P96: 193 | Q96: 130.5 | R96: 32 | S96: 87 | T96: 32 | W96: 79 | X96: 93 | Y96: 50 | Z96: 71.5 | AA96: 80 | AB96: 310 | AI96: 物化生 | AJ96: 42 | AO96: 28 | AP96: 85 | AQ96: 70 | AR96: 32 | AS96: 69 | AT96: 94
A97: 詹茜匀 | B97: 1315231902 | C97: 32370010084 | D97: 一中 | E97: 物理类 | G97: 19 | H97: 572.5 | I97: 597.5 | J97: 94 | K97: -30 | L97: 395 | M97: 116.5 | N97: 40 | O97: 101.5 | P97: 235 | Q97: 137 | R97: 1 | S97: 63.5 | T97: 342 | W97: 74 | X97: 91 | Y97: 110 | Z97: 80 | AA97: 88 | AB97: 152 | AI97: 物化生 | AJ97: 2 | AO97: 13 | AP97: 154 | AQ97: 91 | AR97: 64 | AS97: 73 | AT97: 94
A98: 兰子涵 | B98: 1315231930 | C98: 32370010670 | D98: 一中 | E98: 物理类 | G98: 19 | H98: 574.5 | I98: 597 | J98: 96 | K98: -52 | L98: 403 | M98: 109 | N98: 245 | O98: 98.5 | P98: 298 | Q98: 124.5 | R98: 100 | S98: 82 | T98: 65 | W98: 76 | X98: 91 | Y98: 71 | Z98: 84.5 | AA98: 92 | AB98: 66 | AI98: 物化生 | AJ98: 30 | AO98: 41 | AP98: 18 | AQ98: 14 | AR98: 44 | AS98: 9 | AT98: 96
A99: 刘若铃 | B99: 1315230929 | C99: 32370010450 | D99: 一中 | E99: 物理类 | G99: 9 | H99: 565 | I99: 597 | J99: 96 | K99: 5 | L99: 403 | M99: 116 | N99: 51 | O99: 113.5 | P99: 77 | Q99: 127.5 | R99: 60 | S99: 69 | T99: 251 | W99: 58 | X99: 82 | Y99: 385 | Z99: 81 | AA99: 89 | AB99: 132 | AI99: 物化生 | AJ99: 29 | AO99: 155 | AP99: 90 | AQ99: 101 | AR99: 101 | AS99: 93 | AT99: 96
A100: 吴思恺 | B100: 1315230930 | C100: 32370010511 | D100: 一中 | E100: 物理类 | G100: 9 | H100: 578 | I100: 597 | J100: 96 | K100: -18 | L100: 403 | M100: 103.5 | N100: 470 | O100: 110 | P100: 100 | Q100: 116.5 | R100: 274 | S100: 79 | T100: 94 | W100: 79.5 | X100: 93 | Y100: 43 | Z100: 89.5 | AA100: 95 | AB100: 16 | AI100: 物化生 | AJ100: 30 | AO100: 78 | AP100: 93 | AQ100: 84 | AR100: 78 | AS100: 143 | AT100: 96
A101: 缪有宸 | B101: 1315230404 | C101: 32370010064 | D101: 一中 | E101: 物理类 | G101: 4 | H101: 569.5 | I101: 596.5 | J101: 99 | K101: 96 | L101: 409 | M101: 111 | N101: 172 | O101: 108 | P101: 119 | Q101: 119.5 | R101: 200 | S101: 81 | T101: 76 | W101: 72.5 | X101: 90 | Y101: 129 | Z101: 77.5 | AA101: 87 | AB101: 204 | AI101: 物化生 | AJ101: 4 | AO101: 127 | AP101: 160 | AQ101: 147 | AR101: 195 | AS101: 162 | AT101: 99
A102: 罗子翔 | B102: 1315230736 | C102: 32370010697 | D102: 一中 | E102: 物理类 | G102: 7 | H102: 571.25 | I102: 596 | J102: 100 | K102: -42 | L102: 416 | M102: 106 | N102: 361 | O102: 107.5 | P102: 129 | Q102: 117 | R102: 264 | S102: 87.5 | T102: 27 | W102: 75.5 | X102: 91 | Y102: 79 | Z102: 77.75 | AA102: 87 | AB102: 203 | AI102: 物化生 | AJ102: 36 | AO102: 130 | AP102: 147 | AQ102: 41 | AR102: 58 | AS102: 78 | AT102: 100
...

Sheet 质量分析(总分) 
A1: 2023级高三上期末考总分统计表
A3: 基本情况 | H3: 各分数段人数(人)
H4: 750 | I4: 599 | J4: 559 | K4: 539 | L4: 519 | M4: 499 | N4: 479 | O4: 459 | P4: 439 | Q4: 419 | R4: 399 | S4: 379 | T4: 分班 | U4: 月考1 | V4: 月考2 | W4: 半期考 | X4: 月考4 | Y4: 月考5 | Z4: 期末考
A5: 类别 | B5: 班级 | C5: 实考 | D5: 平均分 | E5: 超均率 | F5: 名次 | G5: 最高分 | H5: / | I5: / | J5: / | K5: / | L5: / | M5: / | N5: / | O5: / | P5: / | Q5: / | R5: / | S5: / | T5: 超均率 | U5: 超均率 | V5: 超均率 | W5: 超均率 | X5: 超均率 | Y5: 超均率 | Z5: 超均率
H6: 600 | I6: 560 | J6: 540 | K6: 520 | L6: 500 | M6: 480 | N6: 460 | O6: 440 | P6: 420 | Q6: 400 | R6: 380 | S6: 1
A7: 物理类 | B7: 1 | C7: =COUNTIFS('总分(一中)'!$G:$G,B7,'总分(一中)'!$I:$I,">0") -> 46 | D7: =AVERAGEIFS('总分(一中)'!I:I,'总分(一中)'!G:G,B7,'总分(一中)'!I:I,">0") -> 529.91848 | E7: =(D7-D$23)/D$23 -> -0.011104961 | F7: =RANK(D7,$D$7:$D$22,0) -> 7 | G7: =_xlfn.MAXIFS('总分(一中)'!I:I,'总分(一中)'!G:G,B7) -> 596 | H7: =COUNTIFS('总分(一中)'!$G:$G,$B7,'总分(一中)'!$I:$I,"<="&H$4,'总分(一中)'!$I:$I,">="&H$6) -> 0 | I7: =COUNTIFS('总分(一中)'!$G:$G,$B7,'总分(一中)'!$I:$I,"<"&H$6,'总分(一中)'!$I:$I,">="&I$6) -> 18 | J7: =COUNTIFS('总分(一中)'!$G:$G,$B7,'总分(一中)'!$I:$I,"<"&I$6,'总分(一中)'!$I:$I,">="&J$6) -> 5 | K7: =COUNTIFS('总分(一中)'!$G:$G,$B7,'总分(一中)'!$I:$I,"<"&J$6,'总分(一中)'!$I:$I,">="&K$6) -> 5 | L7: =COUNTIFS('总分(一中)'!$G:$G,$B7,'总分(一中)'!$I:$I,"<"&K$6,'总分(一中)'!$I:$I,">="&L$6) -> 4 | M7: =COUNTIFS('总分(一中)'!$G:$G,$B7,'总分(一中)'!$I:$I,"<"&L$6,'总分(一中)'!$I:$I,">="&M$6) -> 5 | N7: =COUNTIFS('总分(一中)'!$G:$G,$B7,'总分(一中)'!$I:$I,"<"&M$6,'总分(一中)'!$I:$I,">="&N$6) -> 4 | O7: =COUNTIFS('总分(一中)'!$G:$G,$B7,'总分(一中)'!$I:$I,"<"&N$6,'总分(一中)'!$I:$I,">="&O$6) -> 4 | P7: =COUNTIFS('总分(一中)'!$G:$G,$B7,'总分(一中)'!$I:$I,"<"&O$6,'总分(一中)'!$I:$I,">="&P$6) -> 1 | ... S7: =COUNTIFS('总分(一中)'!$G:$G,$B7,'总分(一中)'!$I:$I,"<"&R$6,'总分(一中)'!$I:$I,">="&S$6) -> 0 | T7: -0.017707623 | U7: -0.015635333 | V7: -0.026330524 | W7: -0.020736483 | X7: -0.019130903 | Y7: -0.017092725 | Z7: -0.011104961
A8: 物理类 | B8: 2 | C8: =COUNTIFS('总分(一中)'!G:G,B8,'总分(一中)'!I:I,">0") -> 46 | D8: =AVERAGEIFS('总分(一中)'!I:I,'总分(一中)'!G:G,B8,'总分(一中)'!I:I,">0") -> 527.11957 | E8: =(D8-D$23)/D$23 -> -0.016328087 | F8: =RANK(D8,$D$7:$D$22,0) -> 10 | G8: =_xlfn.MAXIFS('总分(一中)'!I:I,'总分(一中)'!G:G,B8) -> 593.5 | H8: =COUNTIFS('总分(一中)'!G:G,B8,'总分(一中)'!I:I,"<="&H$4,'总分(一中)'!I:I,">="&H$6) -> 0 | I8: =COUNTIFS('总分(一中)'!$G:$G,$B8,'总分(一中)'!$I:$I,"<"&H$6,'总分(一中)'!$I:$I,">="&I$6) -> 8 | J8: =COUNTIFS('总分(一中)'!$G:$G,$B8,'总分(一中)'!$I:$I,"<"&I$6,'总分(一中)'!$I:$I,">="&J$6) -> 9 | K8: =COUNTIFS('总分(一中)'!$G:$G,$B8,'总分(一中)'!$I:$I,"<"&J$6,'总分(一中)'!$I:$I,">="&K$6) -> 9 | L8: =COUNTIFS('总分(一中)'!$G:$G,$B8,'总分(一中)'!$I:$I,"<"&K$6,'总分(一中)'!$I:$I,">="&L$6) -> 11 | M8: =COUNTIFS('总分(一中)'!$G:$G,$B8,'总分(一中)'!$I:$I,"<"&L$6,'总分(一中)'!$I:$I,">="&M$6) -> 4 | N8: =COUNTIFS('总分(一中)'!$G:$G,$B8,'总分(一中)'!$I:$I,"<"&M$6,'总分(一中)'!$I:$I,">="&N$6) -> 3 | O8: =COUNTIFS('总分(一中)'!$G:$G,$B8,'总分(一中)'!$I:$I,"<"&N$6,'总分(一中)'!$I:$I,">="&O$6) -> 1 | P8: =COUNTIFS('总分(一中)'!$G:$G,$B8,'总分(一中)'!$I:$I,"<"&O$6,'总分(一中)'!$I:$I,">="&P$6) -> 1 | ... S8: =COUNTIFS('总分(一中)'!$G:$G,$B8,'总分(一中)'!$I:$I,"<"&R$6,'总分(一中)'!$I:$I,">="&S$6) -> 0 | T8: -0.0098241479 | U8: -0.034904414 | V8: -0.037684084 | W8: -0.010841253 | X8: -0.021262635 | Y8: -0.02089038 | Z8: -0.016328087
A9: 物理类 | B9: 3 | C9: =COUNTIFS('总分(一中)'!G:G,B9,'总分(一中)'!I:I,">0") -> 43 | D9: =AVERAGEIFS('总分(一中)'!I:I,'总分(一中)'!G:G,B9,'总分(一中)'!I:I,">0") -> 545.02326 | E9: =(D9-D$23)/D$23 -> 0.017082468 | F9: =RANK(D9,$D$7:$D$22,0) -> 4 | G9: =_xlfn.MAXIFS('总分(一中)'!I:I,'总分(一中)'!G:G,B9) -> 592 | H9: =COUNTIFS('总分(一中)'!G:G,B9,'总分(一中)'!I:I,"<="&H$4,'总分(一中)'!I:I,">="&H$6) -> 0 | I9: =COUNTIFS('总分(一中)'!$G:$G,$B9,'总分(一中)'!$I:$I,"<"&H$6,'总分(一中)'!$I:$I,">="&I$6) -> 18 | J9: =COUNTIFS('总分(一中)'!$G:$G,$B9,'总分(一中)'!$I:$I,"<"&I$6,'总分(一中)'!$I:$I,">="&J$6) -> 9 | K9: =COUNTIFS('总分(一中)'!$G:$G,$B9,'总分(一中)'!$I:$I,"<"&J$6,'总分(一中)'!$I:$I,">="&K$6) -> 7 | L9: =COUNTIFS('总分(一中)'!$G:$G,$B9,'总分(一中)'!$I:$I,"<"&K$6,'总分(一中)'!$I:$I,">="&L$6) -> 4 | M9: =COUNTIFS('总分(一中)'!$G:$G,$B9,'总分(一中)'!$I:$I,"<"&L$6,'总分(一中)'!$I:$I,">="&M$6) -> 3 | N9: =COUNTIFS('总分(一中)'!$G:$G,$B9,'总分(一中)'!$I:$I,"<"&M$6,'总分(一中)'!$I:$I,">="&N$6) -> 2 | O9: =COUNTIFS('总分(一中)'!$G:$G,$B9,'总分(一中)'!$I:$I,"<"&N$6,'总分(一中)'!$I:$I,">="&O$6) -> 0 | P9: =COUNTIFS('总分(一中)'!$G:$G,$B9,'总分(一中)'!$I:$I,"<"&O$6,'总分(一中)'!$I:$I,">="&P$6) -> 0 | ... S9: =COUNTIFS('总分(一中)'!$G:$G,$B9,'总分(一中)'!$I:$I,"<"&R$6,'总分(一中)'!$I:$I,">="&S$6) -> 0 | T9: 0.0029735454 | U9: 0.004719367 | V9: -0.0016835823 | W9: 0.00042734805 | X9: 0.012253297 | Y9: 0.0063415265 | Z9: 0.017082468
A10: 物理类 | B10: 4 | C10: =COUNTIFS('总分(一中)'!G:G,B10,'总分(一中)'!I:I,">0") -> 40 | D10: =AVERAGEIFS('总分(一中)'!I:I,'总分(一中)'!G:G,B10,'总分(一中)'!I:I,">0") -> 528.3625 | E10: =(D10-D$23)/D$23 -> -0.014008614 | F10: =RANK(D10,$D$7:$D$22,0) -> 9 | G10: =_xlfn.MAXIFS('总分(一中)'!I:I,'总分(一中)'!G:G,B10) -> 596.5 | H10: =COUNTIFS('总分(一中)'!G:G,B10,'总分(一中)'!I:I,"<="&H$4,'总分(一中)'!I:I,">="&H$6) -> 0 | I10: =COUNTIFS('总分(一中)'!$G:$G,$B10,'总分(一中)'!$I:$I,"<"&H$6,'总分(一中)'!$I:$I,">="&I$6) -> 10 | J10: =COUNTIFS('总分(一中)'!$G:$G,$B10,'总分(一中)'!$I:$I,"<"&I$6,'总分(一中)'!$I:$I,">="&J$6) -> 11 | K10: =COUNTIFS('总分(一中)'!$G:$G,$B10,'总分(一中)'!$I:$I,"<"&J$6,'总分(一中)'!$I:$I,">="&K$6) -> 5 | L10: =COUNTIFS('总分(一中)'!$G:$G,$B10,'总分(一中)'!$I:$I,"<"&K$6,'总分(一中)'!$I:$I,">="&L$6) -> 7 | M10: =COUNTIFS('总分(一中)'!$G:$G,$B10,'总分(一中)'!$I:$I,"<"&L$6,'总分(一中)'!$I:$I,">="&M$6) -> 3 | N10: =COUNTIFS('总分(一中)'!$G:$G,$B10,'总分(一中)'!$I:$I,"<"&M$6,'总分(一中)'!$I:$I,">="&N$6) -> 1 | O10: =COUNTIFS('总分(一中)'!$G:$G,$B10,'总分(一中)'!$I:$I,"<"&N$6,'总分(一中)'!$I:$I,">="&O$6) -> 1 | P10: =COUNTIFS('总分(一中)'!$G:$G,$B10,'总分(一中)'!$I:$I,"<"&O$6,'总分(一中)'!$I:$I,">="&P$6) -> 0 | ... S10: =COUNTIFS('总分(一中)'!$G:$G,$B10,'总分(一中)'!$I:$I,"<"&R$6,'总分(一中)'!$I:$I,">="&S$6) -> 1 | T10: -0.0033755037 | U10: -0.030535462 | V10: 0.0070457609 | W10: -0.014266956 | X10: -0.016777042 | Y10: -0.027501276 | Z10: -0.014008614
A11: 物理类 | B11: 5 | C11: =COUNTIFS('总分(一中)'!G:G,B11,'总分(一中)'!I:I,">0") -> 46 | D11: =AVERAGEIFS('总分(一中)'!I:I,'总分(一中)'!G:G,B11,'总分(一中)'!I:I,">0") -> 530.04891 | E11: =(D11-D$23)/D$23 -> -0.010861553 | F11: =RANK(D11,$D$7:$D$22,0) -> 6 | G11: =_xlfn.MAXIFS('总分(一中)'!I:I,'总分(一中)'!G:G,B11) -> 598.5 | H11: =COUNTIFS('总分(一中)'!G:G,B11,'总分(一中)'!I:I,"<="&H$4,'总分(一中)'!I:I,">="&H$6) -> 0 | I11: =COUNTIFS('总分(一中)'!$G:$G,$B11,'总分(一中)'!$I:$I,"<"&H$6,'总分(一中)'!$I:$I,">="&I$6) -> 14 | J11: =COUNTIFS('总分(一中)'!$G:$G,$B11,'总分(一中)'!$I:$I,"<"&I$6,'总分(一中)'!$I:$I,">="&J$6) -> 7 | K11: =COUNTIFS('总分(一中)'!$G:$G,$B11,'总分(一中)'!$I:$I,"<"&J$6,'总分(一中)'!$I:$I,">="&K$6) -> 9 | L11: =COUNTIFS('总分(一中)'!$G:$G,$B11,'总分(一中)'!$I:$I,"<"&K$6,'总分(一中)'!$I:$I,">="&L$6) -> 6 | M11: =COUNTIFS('总分(一中)'!$G:$G,$B11,'总分(一中)'!$I:$I,"<"&L$6,'总分(一中)'!$I:$I,">="&M$6) -> 4 | N11: =COUNTIFS('总分(一中)'!$G:$G,$B11,'总分(一中)'!$I:$I,"<"&M$6,'总分(一中)'!$I:$I,">="&N$6) -> 3 | O11: =COUNTIFS('总分(一中)'!$G:$G,$B11,'总分(一中)'!$I:$I,"<"&N$6,'总分(一中)'!$I:$I,">="&O$6) -> 2 | P11: =COUNTIFS('总分(一中)'!$G:$G,$B11,'总分(一中)'!$I:$I,"<"&O$6,'总分(一中)'!$I:$I,">="&P$6) -> 1 | ... S11: =COUNTIFS('总分(一中)'!$G:$G,$B11,'总分(一中)'!$I:$I,"<"&R$6,'总分(一中)'!$I:$I,">="&S$6) -> 0 | T11: -0.0045304137 | U11: 0.00038597437 | V11: -0.014796989 | W11: -0.01162415 | X11: -0.029840969 | Y11: -0.010368531 | Z11: -0.010861553
A12: 物理类 | B12: 6 | C12: =COUNTIFS('总分(一中)'!G:G,B12,'总分(一中)'!I:I,">0") -> 43 | D12: =AVERAGEIFS('总分(一中)'!I:I,'总分(一中)'!G:G,B12,'总分(一中)'!I:I,">0") -> 534.80233 | E12: =(D12-D$23)/D$23 -> -0.0019910828 | F12: =RANK(D12,$D$7:$D$22,0) -> 5 | G12: =_xlfn.MAXIFS('总分(一中)'!I:I,'总分(一中)'!G:G,B12) -> 608.5 | H12: =COUNTIFS('总分(一中)'!G:G,B12,'总分(一中)'!I:I,"<="&H$4,'总分(一中)'!I:I,">="&H$6) -> 1 | I12: =COUNTIFS('总分(一中)'!$G:$G,$B12,'总分(一中)'!$I:$I,"<"&H$6,'总分(一中)'!$I:$I,">="&I$6) -> 12 | J12: =COUNTIFS('总分(一中)'!$G:$G,$B12,'总分(一中)'!$I:$I,"<"&I$6,'总分(一中)'!$I:$I,">="&J$6) -> 7 | K12: =COUNTIFS('总分(一中)'!$G:$G,$B12,'总分(一中)'!$I:$I,"<"&J$6,'总分(一中)'!$I:$I,">="&K$6) -> 9 | L12: =COUNTIFS('总分(一中)'!$G:$G,$B12,'总分(一中)'!$I:$I,"<"&K$6,'总分(一中)'!$I:$I,">="&L$6) -> 7 | M12: =COUNTIFS('总分(一中)'!$G:$G,$B12,'总分(一中)'!$I:$I,"<"&L$6,'总分(一中)'!$I:$I,">="&M$6) -> 5 | N12: =COUNTIFS('总分(一中)'!$G:$G,$B12,'总分(一中)'!$I:$I,"<"&M$6,'总分(一中)'!$I:$I,">="&N$6) -> 1 | O12: =COUNTIFS('总分(一中)'!$G:$G,$B12,'总分(一中)'!$I:$I,"<"&N$6,'总分(一中)'!$I:$I,">="&O$6) -> 0 | P12: =COUNTIFS('总分(一中)'!$G:$G,$B12,'总分(一中)'!$I:$I,"<"&O$6,'总分(一中)'!$I:$I,">="&P$6) -> 0 | ... S12: =COUNTIFS('总分(一中)'!$G:$G,$B12,'总分(一中)'!$I:$I,"<"&R$6,'总分(一中)'!$I:$I,">="&S$6) -> 1 | T12: 0.0034537127 | U12: -0.011623277 | V12: -0.0058933979 | W12: -0.0070635289 | X12: -0.00021960573 | Y12: -0.0082365468 | Z12: -0.0019910828
A13: 物理类 | B13: 7 | C13: =COUNTIFS('总分(一中)'!G:G,B13,'总分(一中)'!I:I,">0") -> 47 | D13: =AVERAGEIFS('总分(一中)'!I:I,'总分(一中)'!G:G,B13,'总分(一中)'!I:I,">0") -> 525.02128 | E13: =(D13-D$23)/D$23 -> -0.02024376 | F13: =RANK(D13,$D$7:$D$22,0) -> 11 | G13: =_xlfn.MAXIFS('总分(一中)'!I:I,'总分(一中)'!G:G,B13) -> 596 | H13: =COUNTIFS('总分(一中)'!G:G,B13,'总分(一中)'!I:I,"<="&H$4,'总分(一中)'!I:I,">="&H$6) -> 0 | I13: =COUNTIFS('总分(一中)'!$G:$G,$B13,'总分(一中)'!$I:$I,"<"&H$6,'总分(一中)'!$I:$I,">="&I$6) -> 9 | J13: =COUNTIFS('总分(一中)'!$G:$G,$B13,'总分(一中)'!$I:$I,"<"&I$6,'总分(一中)'!$I:$I,">="&J$6) -> 10 | K13: =COUNTIFS('总分(一中)'!$G:$G,$B13,'总分(一中)'!$I:$I,"<"&J$6,'总分(一中)'!$I:$I,">="&K$6) -> 9 | L13: =COUNTIFS('总分(一中)'!$G:$G,$B13,'总分(一中)'!$I:$I,"<"&K$6,'总分(一中)'!$I:$I,">="&L$6) -> 9 | M13: =COUNTIFS('总分(一中)'!$G:$G,$B13,'总分(一中)'!$I:$I,"<"&L$6,'总分(一中)'!$I:$I,">="&M$6) -> 3 | N13: =COUNTIFS('总分(一中)'!$G:$G,$B13,'总分(一中)'!$I:$I,"<"&M$6,'总分(一中)'!$I:$I,">="&N$6) -> 3 | O13: =COUNTIFS('总分(一中)'!$G:$G,$B13,'总分(一中)'!$I:$I,"<"&N$6,'总分(一中)'!$I:$I,">="&O$6) -> 3 | P13: =COUNTIFS('总分(一中)'!$G:$G,$B13,'总分(一中)'!$I:$I,"<"&O$6,'总分(一中)'!$I:$I,">="&P$6) -> 0 | ... S13: =COUNTIFS('总分(一中)'!$G:$G,$B13,'总分(一中)'!$I:$I,"<"&R$6,'总分(一中)'!$I:$I,">="&S$6) -> 0 | T13: -0.0062624613 | U13: -0.024501229 | V13: -0.032923747 | W13: -0.0043425627 | X13: -0.032336257 | Y13: -0.018941345 | Z13: -0.02024376
A14: 物理类 | B14: 8 | C14: =COUNTIFS('总分(一中)'!G:G,B14,'总分(一中)'!I:I,">0") -> 40 | D14: =AVERAGEIFS('总分(一中)'!I:I,'总分(一中)'!G:G,B14,'总分(一中)'!I:I,">0") -> 528.925 | E14: =(D14-D$23)/D$23 -> -0.012958917 | F14: =RANK(D14,$D$7:$D$22,0) -> 8 | G14: =_xlfn.MAXIFS('总分(一中)'!I:I,'总分(一中)'!G:G,B14) -> 606 | H14: =COUNTIFS('总分(一中)'!G:G,B14,'总分(一中)'!I:I,"<="&H$4,'总分(一中)'!I:I,">="&H$6) -> 1 | I14: =COUNTIFS('总分(一中)'!$G:$G,$B14,'总分(一中)'!$I:$I,"<"&H$6,'总分(一中)'!$I:$I,">="&I$6) -> 12 | J14: =COUNTIFS('总分(一中)'!$G:$G,$B14,'总分(一中)'!$I:$I,"<"&I$6,'总分(一中)'!$I:$I,">="&J$6) -> 6 | K14: =COUNTIFS('总分(一中)'!$G:$G,$B14,'总分(一中)'!$I:$I,"<"&J$6,'总分(一中)'!$I:$I,">="&K$6) -> 6 | L14: =COUNTIFS('总分(一中)'!$G:$G,$B14,'总分(一中)'!$I:$I,"<"&K$6,'总分(一中)'!$I:$I,">="&L$6) -> 5 | M14: =COUNTIFS('总分(一中)'!$G:$G,$B14,'总分(一中)'!$I:$I,"<"&L$6,'总分(一中)'!$I:$I,">="&M$6) -> 4 | N14: =COUNTIFS('总分(一中)'!$G:$G,$B14,'总分(一中)'!$I:$I,"<"&M$6,'总分(一中)'!$I:$I,">="&N$6) -> 4 | O14: =COUNTIFS('总分(一中)'!$G:$G,$B14,'总分(一中)'!$I:$I,"<"&N$6,'总分(一中)'!$I:$I,">="&O$6) -> 0 | P14: =COUNTIFS('总分(一中)'!$G:$G,$B14,'总分(一中)'!$I:$I,"<"&O$6,'总分(一中)'!$I:$I,">="&P$6) -> 0 | ... S14: =COUNTIFS('总分(一中)'!$G:$G,$B14,'总分(一中)'!$I:$I,"<"&R$6,'总分(一中)'!$I:$I,">="&S$6) -> 0 | T14: -0.0045030115 | U14: -0.014727482 | V14: -0.04120894 | W14: -0.017339299 | X14: -0.018482312 | Y14: -0.018972889 | Z14: -0.012958917
A15: 物理类 | B15: 9 | C15: =COUNTIFS('总分(一中)'!G:G,B15,'总分(一中)'!I:I,">0") -> 43 | D15: =AVERAGEIFS('总分(一中)'!I:I,'总分(一中)'!G:G,B15,'总分(一中)'!I:I,">0") -> 603.60465 | E15: =(D15-D$23)/D$23 -> 0.12640278 | F15: =RANK(D15,$D$7:$D$22,0) -> 2 | G15: =_xlfn.MAXIFS('总分(一中)'!I:I,'总分(一中)'!G:G,B15) -> 639 | H15: =COUNTIFS('总分(一中)'!G:G,B15,'总分(一中)'!I:I,"<="&H$4,'总分(一中)'!I:I,">="&H$6) -> 27 | I15: =COUNTIFS('总分(一中)'!$G:$G,$B15,'总分(一中)'!$I:$I,"<"&H$6,'总分(一中)'!$I:$I,">="&I$6) -> 15 | J15: =COUNTIFS('总分(一中)'!$G:$G,$B15,'总分(一中)'!$I:$I,"<"&I$6,'总分(一中)'!$I:$I,">="&J$6) -> 1 | K15: =COUNTIFS('总分(一中)'!$G:$G,$B15,'总分(一中)'!$I:$I,"<"&J$6,'总分(一中)'!$I:$I,">="&K$6) -> 0 | L15: =COUNTIFS('总分(一中)'!$G:$G,$B15,'总分(一中)'!$I:$I,"<"&K$6,'总分(一中)'!$I:$I,">="&L$6) -> 0 | M15: =COUNTIFS('总分(一中)'!$G:$G,$B15,'总分(一中)'!$I:$I,"<"&L$6,'总分(一中)'!$I:$I,">="&M$6) -> 0 | N15: =COUNTIFS('总分(一中)'!$G:$G,$B15,'总分(一中)'!$I:$I,"<"&M$6,'总分(一中)'!$I:$I,">="&N$6) -> 0 | O15: =COUNTIFS('总分(一中)'!$G:$G,$B15,'总分(一中)'!$I:$I,"<"&N$6,'总分(一中)'!$I:$I,">="&O$6) -> 0 | P15: =COUNTIFS('总分(一中)'!$G:$G,$B15,'总分(一中)'!$I:$I,"<"&O$6,'总分(一中)'!$I:$I,">="&P$6) -> 0 | ... S15: =COUNTIFS('总分(一中)'!$G:$G,$B15,'总分(一中)'!$I:$I,"<"&R$6,'总分(一中)'!$I:$I,">="&S$6) -> 0 | T15: 0.11308293 | U15: 0.1648679 | V15: 0.19105588 | W15: 0.12250517 | X15: 0.13848124 | Y15: 0.14731487 | Z15: 0.12640278
